Date,Single,Dozen,HalfDozen
2/28/2013,$16.40 ,$0.00 ,$0.00 
3/1/2013,$9.84 ,$0.00 ,$0.00 
3/2/2013,$0.00 ,$0.00 ,$0.00 
3/3/2013,$0.00 ,$0.00 ,$0.00 
3/4/2013,$0.00 ,$0.00 ,$0.00 
3/5/2013,$0.00 ,$0.00 ,$0.00 
3/6/2013,$18.04 ,$0.00 ,$0.00 
3/7/2013,$47.56 ,$0.00 ,$0.00 
3/8/2013,$145.96 ,$44.25 ,$8.20 
3/9/2013,$145.96 ,$0.00 ,$8.20 
3/10/2013,$0.00 ,$0.00 ,$0.00 
3/11/2013,$77.08 ,$29.50 ,$8.20 
3/12/2013,$132.84 ,$14.75 ,$0.00 
3/13/2013,$123.00 ,$0.00 ,$16.40 
3/14/2013,$118.08 ,$0.00 ,$8.20 
3/15/2013,$88.56 ,$44.25 ,$24.60 
3/16/2013,$127.92 ,$14.75 ,$49.20 
3/17/2013,$0.00 ,$0.00 ,$0.00 
3/18/2013,$126.28 ,$14.75 ,$8.20 
3/19/2013,$119.72 ,$29.50 ,$0.00 
3/20/2013,$82.00 ,$14.75 ,$8.20 
3/21/2013,$159.08 ,$29.50 ,$8.20 
3/22/2013,$182.04 ,$44.25 ,$8.20 
3/23/2013,$247.64 ,$29.50 ,$24.60 
3/24/2013,$0.00 ,$0.00 ,$0.00 
3/25/2013,$172.20 ,$29.50 ,$0.00 
3/26/2013,$159.08 ,$0.00 ,$0.00 
3/27/2013,$157.44 ,$0.00 ,$8.20 
3/28/2013,$109.88 ,$132.75 ,$16.40 
3/29/2013,$162.36 ,$44.25 ,$16.40 
3/30/2013,$219.76 ,$73.75 ,$16.40 
3/31/2013,$0.00 ,$0.00 ,$0.00 
4/1/2013,$75.44 ,$88.50 ,$8.20 
4/2/2013,$108.24 ,$0.00 ,$8.20 
4/3/2013,$100.04 ,$14.75 ,$32.80 
4/4/2013,$141.04 ,$29.50 ,$16.40 
4/5/2013,$139.40 ,$29.50 ,$8.20 
4/6/2013,$150.88 ,$88.50 ,$16.40 
4/7/2013,$0.00 ,$0.00 ,$0.00 
4/8/2013,$103.32 ,$44.25 ,$0.00 
4/9/2013,$80.36 ,$73.75 ,$0.00 
4/10/2013,$93.48 ,$14.75 ,$16.40 
4/11/2013,$98.40 ,$73.75 ,$16.40 
4/12/2013,$164.00 ,$29.50 ,$8.20 
4/13/2013,$254.20 ,$29.50 ,$0.00 
4/14/2013,$0.00 ,$0.00 ,$0.00 
4/15/2013,$141.04 ,$14.75 ,$8.20 
4/16/2013,$113.16 ,$0.00 ,$0.00 
4/17/2013,$93.48 ,$73.75 ,$16.40 
4/18/2013,$134.48 ,$44.25 ,$32.80 
4/19/2013,$232.88 ,$103.25 ,$0.00 
4/20/2013,$244.36 ,$59.00 ,$0.00 
4/21/2013,$0.00 ,$0.00 ,$0.00 
4/22/2013,$139.40 ,$44.25 ,$0.00 
4/23/2013,$113.16 ,$59.00 ,$0.00 
4/24/2013,$178.76 ,$14.75 ,$0.00 
4/25/2013,$118.08 ,$44.25 ,$8.20 
4/26/2013,$180.40 ,$29.50 ,$0.00 
4/27/2013,$224.68 ,$59.00 ,$8.20 
4/28/2013,$0.00 ,$0.00 ,$0.00 
4/29/2013,$152.52 ,$88.50 ,$16.40 
4/30/2013,$170.56 ,$29.50 ,$8.20 
5/1/2013,$123.00 ,$73.75 ,$0.00 
5/2/2013,$188.60 ,$44.25 ,$8.20 
5/3/2013,$177.12 ,$118.00 ,$0.00 
5/4/2013,$237.80 ,$44.25 ,$0.00 
5/5/2013,$0.00 ,$0.00 ,$0.00 
5/6/2013,$154.16 ,$44.25 ,$16.40 
5/7/2013,$164.00 ,$29.50 ,$0.00 
5/8/2013,$160.72 ,$0.00 ,$0.00 
5/9/2013,$155.80 ,$14.75 ,$8.20 
5/10/2013,$155.80 ,$44.25 ,$32.80 
5/11/2013,$168.92 ,$88.50 ,$24.60 
5/12/2013,$0.00 ,$0.00 ,$0.00 
5/13/2013,$159.08 ,$59.00 ,$8.20 
5/14/2013,$108.24 ,$0.00 ,$8.20 
5/15/2013,$104.96 ,$0.00 ,$8.20 
5/16/2013,$80.36 ,$73.75 ,$0.00 
5/17/2013,$116.44 ,$59.00 ,$8.20 
5/18/2013,$139.40 ,$73.75 ,$82.00 
5/19/2013,$0.00 ,$0.00 ,$0.00 
5/20/2013,$118.08 ,$14.75 ,$0.00 
5/21/2013,$106.60 ,$29.50 ,$24.60 
5/22/2013,$100.04 ,$0.00 ,$24.60 
5/23/2013,$98.40 ,$44.25 ,$8.20 
5/24/2013,$126.28 ,$29.50 ,$0.00 
5/25/2013,$180.40 ,$59.00 ,$16.40 
5/26/2013,$0.00 ,$0.00 ,$0.00 
5/27/2013,$170.56 ,$73.75 ,$8.20 
5/28/2013,$119.72 ,$29.50 ,$24.60 
5/29/2013,$104.96 ,$29.50 ,$0.00 
5/30/2013,$108.24 ,$44.25 ,$8.20 
5/31/2013,$109.88 ,$59.00 ,$8.20 
6/1/2013,$137.76 ,$14.75 ,$41.00 
6/2/2013,$0.00 ,$0.00 ,$0.00 
6/3/2013,$93.48 ,$73.75 ,$41.00 
6/4/2013,$113.16 ,$14.75 ,$8.20 
6/5/2013,$141.04 ,$59.00 ,$0.00 
6/6/2013,$160.72 ,$29.50 ,$24.60 
6/7/2013,$175.48 ,$118.00 ,$41.00 
6/8/2013,$211.56 ,$29.50 ,$16.40 
6/9/2013,$0.00 ,$0.00 ,$0.00 
6/10/2013,$137.76 ,$29.50 ,$8.20 
6/11/2013,$88.56 ,$29.50 ,$8.20 
6/12/2013,$123.00 ,$44.25 ,$0.00 
6/13/2013,$119.72 ,$59.00 ,$8.20 
6/14/2013,$160.72 ,$14.75 ,$0.00 
6/15/2013,$108.24 ,$0.00 ,$24.60 
6/16/2013,$0.00 ,$0.00 ,$0.00 
6/17/2013,$106.60 ,$44.25 ,$32.80 
6/18/2013,$159.08 ,$14.75 ,$8.20 
6/19/2013,$191.88 ,$14.75 ,$16.40 
6/20/2013,$103.32 ,$59.00 ,$24.60 
6/21/2013,$145.96 ,$44.25 ,$24.60 
6/22/2013,$178.76 ,$44.25 ,$41.00 
6/23/2013,$0.00 ,$0.00 ,$0.00 
6/24/2013,$113.16 ,$14.75 ,$8.20 
6/25/2013,$78.72 ,$14.75 ,$0.00 
6/26/2013,$165.64 ,$0.00 ,$16.40 
6/27/2013,$154.16 ,$59.00 ,$0.00 
6/28/2013,$95.12 ,$44.25 ,$0.00 
6/29/2013,$164.00 ,$73.75 ,$0.00 
6/30/2013,$0.00 ,$0.00 ,$0.00 
7/1/2013,$127.92 ,$14.75 ,$0.00 
7/2/2013,$127.92 ,$73.75 ,$16.40 
7/3/2013,$198.44 ,$29.50 ,$8.20 
7/4/2013,$145.96 ,$88.50 ,$24.60 
7/5/2013,$242.72 ,$103.25 ,$8.20 
7/6/2013,$213.20 ,$132.75 ,$24.60 
7/7/2013,$0.00 ,$0.00 ,$0.00 
7/8/2013,$113.16 ,$44.25 ,$24.60 
7/9/2013,$116.44 ,$73.75 ,$24.60 
7/10/2013,$119.72 ,$29.50 ,$24.60 
7/11/2013,$132.84 ,$88.50 ,$16.40 
7/12/2013,$178.76 ,$88.50 ,$16.40 
7/13/2013,$237.80 ,$73.75 ,$65.60 
7/14/2013,$0.00 ,$0.00 ,$0.00 
7/15/2013,$129.56 ,$29.50 ,$24.60 
7/16/2013,$98.40 ,$44.25 ,$8.20 
7/17/2013,$182.04 ,$44.25 ,$16.40 
7/18/2013,$150.88 ,$59.00 ,$32.80 
7/19/2013,$137.76 ,$44.25 ,$8.20 
7/20/2013,$168.92 ,$88.50 ,$73.80 
7/21/2013,$0.00 ,$0.00 ,$0.00 
7/22/2013,$165.64 ,$0.00 ,$8.20 
7/23/2013,$150.88 ,$14.75 ,$32.80 
7/24/2013,$136.12 ,$59.00 ,$16.40 
7/25/2013,$234.52 ,$59.00 ,$8.20 
7/26/2013,$141.04 ,$73.75 ,$0.00 
7/27/2013,$218.12 ,$73.75 ,$24.60 
7/28/2013,$0.00 ,$0.00 ,$0.00 
7/29/2013,$152.52 ,$44.25 ,$0.00 
7/30/2013,$129.56 ,$29.50 ,$8.20 
7/31/2013,$193.52 ,$29.50 ,$24.60 
8/1/2013,$147.60 ,$44.25 ,$8.20 
8/2/2013,$175.48 ,$73.75 ,$16.40 
8/3/2013,$200.08 ,$59.00 ,$24.60 
8/4/2013,$0.00 ,$0.00 ,$0.00 
8/5/2013,$142.68 ,$44.25 ,$0.00 
8/6/2013,$126.28 ,$14.75 ,$8.20 
8/7/2013,$155.80 ,$44.25 ,$0.00 
8/8/2013,$126.28 ,$44.25 ,$0.00 
8/9/2013,$132.84 ,$29.50 ,$8.20 
8/10/2013,$173.84 ,$73.75 ,$73.80 
8/11/2013,$0.00 ,$0.00 ,$0.00 
8/12/2013,$175.48 ,$73.75 ,$32.80 
8/13/2013,$126.28 ,$0.00 ,$24.60 
8/14/2013,$144.32 ,$14.75 ,$8.20 
8/15/2013,$0.00 ,$0.00 ,$0.00 
8/16/2013,$185.32 ,$59.00 ,$49.20 
8/17/2013,$223.04 ,$73.75 ,$73.80 
8/18/2013,$0.00 ,$0.00 ,$0.00 
8/19/2013,$119.72 ,$59.00 ,$8.20 
8/20/2013,$83.64 ,$14.75 ,$24.60 
8/21/2013,$103.32 ,$59.00 ,$24.60 
8/22/2013,$98.40 ,$29.50 ,$16.40 
8/23/2013,$157.44 ,$14.75 ,$8.20 
8/24/2013,$219.76 ,$59.00 ,$41.00 
8/25/2013,$0.00 ,$0.00 ,$0.00 
8/26/2013,$132.84 ,$29.50 ,$16.40 
8/27/2013,$131.20 ,$29.50 ,$16.40 
8/28/2013,$139.40 ,$59.00 ,$0.00 
8/29/2013,$136.12 ,$44.25 ,$32.80 
8/30/2013,$150.88 ,$88.50 ,$32.80 
8/31/2013,$209.92 ,$59.00 ,$32.80 
9/1/2013,$0.00 ,$0.00 ,$0.00 
9/2/2013,$183.68 ,$103.25 ,$16.40 
9/3/2013,$0.00 ,$0.00 ,$0.00 
9/4/2013,$0.00 ,$0.00 ,$0.00 
9/5/2013,$139.40 ,$59.00 ,$57.40 
9/6/2013,$182.04 ,$118.00 ,$16.40 
9/7/2013,$162.36 ,$44.25 ,$24.60 
9/8/2013,$0.00 ,$0.00 ,$0.00 
9/9/2013,$124.64 ,$14.75 ,$16.40 
9/10/2013,$96.76 ,$44.25 ,$24.60 
9/11/2013,$165.64 ,$59.00 ,$8.20 
9/12/2013,$121.36 ,$88.50 ,$16.40 
9/13/2013,$126.28 ,$59.00 ,$41.00 
9/14/2013,$214.84 ,$88.50 ,$8.20 
9/15/2013,$0.00 ,$0.00 ,$0.00 
9/16/2013,$119.72 ,$44.25 ,$8.20 
9/17/2013,$124.64 ,$44.25 ,$8.20 
9/18/2013,$126.28 ,$59.00 ,$8.20 
9/19/2013,$100.04 ,$132.75 ,$0.00 
9/20/2013,$149.24 ,$73.75 ,$24.60 
9/21/2013,$319.80 ,$103.25 ,$98.40 
9/22/2013,$0.00 ,$0.00 ,$0.00 
9/23/2013,$132.84 ,$29.50 ,$16.40 
9/24/2013,$91.84 ,$59.00 ,$24.60 
9/25/2013,$175.48 ,$29.50 ,$0.00 
9/26/2013,$175.48 ,$29.50 ,$16.40 
9/27/2013,$126.28 ,$44.25 ,$24.60 
9/28/2013,$242.72 ,$73.75 ,$41.00 
9/29/2013,$0.00 ,$0.00 ,$0.00 
9/30/2013,$111.52 ,$29.50 ,$24.60 
10/1/2013,$142.68 ,$29.50 ,$8.20 
10/2/2013,$131.20 ,$14.75 ,$0.00 
10/3/2013,$157.44 ,$44.25 ,$24.60 
10/4/2013,$152.52 ,$44.25 ,$16.40 
10/5/2013,$246.00 ,$103.25 ,$32.80 
10/6/2013,$0.00 ,$0.00 ,$0.00 
10/7/2013,$167.28 ,$44.25 ,$32.80 
10/8/2013,$123.00 ,$44.25 ,$24.60 
10/9/2013,$182.04 ,$0.00 ,$16.40 
10/10/2013,$145.96 ,$14.75 ,$24.60 
10/11/2013,$182.04 ,$88.50 ,$24.60 
10/12/2013,$290.28 ,$88.50 ,$41.00 
10/13/2013,$0.00 ,$0.00 ,$0.00 
10/14/2013,$190.24 ,$73.75 ,$16.40 
10/15/2013,$172.20 ,$59.00 ,$16.40 
10/16/2013,$180.40 ,$14.75 ,$16.40 
10/17/2013,$127.92 ,$0.00 ,$16.40 
10/18/2013,$205.00 ,$44.25 ,$16.40 
10/19/2013,$205.00 ,$118.00 ,$41.00 
10/20/2013,$0.00 ,$0.00 ,$0.00 
10/21/2013,$131.20 ,$44.25 ,$32.80 
10/22/2013,$139.40 ,$44.25 ,$24.60 
10/23/2013,$141.04 ,$73.75 ,$32.80 
10/24/2013,$136.12 ,$0.00 ,$24.60 
10/25/2013,$214.84 ,$59.00 ,$49.20 
10/26/2013,$175.48 ,$118.00 ,$49.20 
10/27/2013,$0.00 ,$0.00 ,$0.00 
10/28/2013,$139.40 ,$59.00 ,$32.80 
10/29/2013,$132.84 ,$0.00 ,$0.00 
10/30/2013,$98.40 ,$29.50 ,$16.40 
10/31/2013,$139.40 ,$73.75 ,$16.40 
11/1/2013,$175.48 ,$73.75 ,$8.20 
11/2/2013,$242.72 ,$88.50 ,$41.00 
11/3/2013,$0.00 ,$0.00 ,$0.00 
11/4/2013,$154.16 ,$73.75 ,$8.20 
11/5/2013,$127.92 ,$88.50 ,$24.60 
11/6/2013,$136.12 ,$14.75 ,$24.60 
11/7/2013,$173.84 ,$44.25 ,$8.20 
11/8/2013,$195.16 ,$132.75 ,$32.80 
11/9/2013,$195.16 ,$147.50 ,$49.20 
11/10/2013,$0.00 ,$0.00 ,$0.00 
11/11/2013,$195.16 ,$73.75 ,$16.40 
11/12/2013,$168.92 ,$44.25 ,$8.20 
11/13/2013,$119.72 ,$0.00 ,$16.40 
11/14/2013,$132.84 ,$14.75 ,$16.40 
11/15/2013,$200.08 ,$88.50 ,$16.40 
11/16/2013,$226.32 ,$59.00 ,$41.00 
11/17/2013,$0.00 ,$0.00 ,$0.00 
11/18/2013,$142.68 ,$29.50 ,$32.80 
11/19/2013,$142.68 ,$0.00 ,$32.80 
11/20/2013,$160.72 ,$0.00 ,$24.60 
11/21/2013,$114.80 ,$14.75 ,$16.40 
11/22/2013,$178.76 ,$44.25 ,$32.80 
11/23/2013,$160.72 ,$103.25 ,$49.20 
11/24/2013,$0.00 ,$0.00 ,$0.00 
11/25/2013,$127.92 ,$29.50 ,$41.00 
11/26/2013,$139.40 ,$59.00 ,$32.80 
11/27/2013,$114.80 ,$59.00 ,$16.40 
11/28/2013,$0.00 ,$0.00 ,$0.00 
11/29/2013,$108.24 ,$59.00 ,$0.00 
11/30/2013,$139.40 ,$147.50 ,$49.20 
12/1/2013,$0.00 ,$0.00 ,$0.00 
12/2/2013,$129.56 ,$44.25 ,$8.20 
12/3/2013,$131.20 ,$73.75 ,$16.40 
12/4/2013,$149.24 ,$44.25 ,$49.20 
12/5/2013,$103.32 ,$14.75 ,$32.80 
12/6/2013,$123.00 ,$88.50 ,$8.20 
12/7/2013,$180.40 ,$73.75 ,$57.40 
12/8/2013,$0.00 ,$0.00 ,$0.00 
12/9/2013,$108.24 ,$44.25 ,$8.20 
12/10/2013,$149.24 ,$59.00 ,$49.20 
12/11/2013,$93.48 ,$59.00 ,$8.20 
12/12/2013,$118.08 ,$59.00 ,$0.00 
12/13/2013,$123.00 ,$59.00 ,$16.40 
12/14/2013,$152.52 ,$59.00 ,$41.00 
12/15/2013,$0.00 ,$0.00 ,$0.00 
12/16/2013,$129.56 ,$44.25 ,$32.80 
12/17/2013,$109.88 ,$59.00 ,$8.20 
12/18/2013,$83.64 ,$44.25 ,$32.80 
12/19/2013,$106.60 ,$73.75 ,$49.20 
12/20/2013,$95.12 ,$29.50 ,$16.40 
12/21/2013,$21.32 ,$0.00 ,$0.00 
12/22/2013,$0.00 ,$0.00 ,$0.00 
12/23/2013,$78.72 ,$88.50 ,$32.80 
12/24/2013,$72.16 ,$118.00 ,$8.20 
12/25/2013,$0.00 ,$0.00 ,$0.00 
12/26/2013,$0.00 ,$0.00 ,$0.00 
12/27/2013,$101.68 ,$44.25 ,$0.00 
12/28/2013,$59.04 ,$29.50 ,$16.40 
12/29/2013,$0.00 ,$0.00 ,$0.00 
12/30/2013,$0.00 ,$0.00 ,$0.00 
12/31/2013,$95.12 ,$44.25 ,$8.20 
1/1/2014,$29.50 ,$68.88 ,$41.00 
1/2/2014,$59.00 ,$139.40 ,$49.20 
1/3/2014,$29.50 ,$54.12 ,$16.40 
1/4/2014,$59.00 ,$101.68 ,$8.20 
1/5/2014,$0.00 ,$0.00 ,$0.00 
1/6/2014,$29.50 ,$85.28 ,$8.20 
1/7/2014,$29.50 ,$60.68 ,$16.40 
1/8/2014,$29.50 ,$55.76 ,$8.20 
1/9/2014,$29.50 ,$114.80 ,$16.40 
1/10/2014,$14.75 ,$137.76 ,$8.20 
1/11/2014,$59.00 ,$152.52 ,$16.40 
1/12/2014,$0.00 ,$0.00 ,$0.00 
1/13/2014,$14.75 ,$90.20 ,$16.40 
1/14/2014,$29.50 ,$96.76 ,$32.80 
1/15/2014,$59.00 ,$126.28 ,$8.20 
1/16/2014,$14.75 ,$144.32 ,$41.00 
1/17/2014,$0.00 ,$131.20 ,$24.60 
1/18/2014,$103.25 ,$175.48 ,$41.00 
1/19/2014,$0.00 ,$0.00 ,$0.00 
1/20/2014,$14.75 ,$201.72 ,$32.80 
1/21/2014,$29.50 ,$121.36 ,$49.20 
1/22/2014,$103.25 ,$121.36 ,$16.40 
1/23/2014,$44.25 ,$106.60 ,$8.20 
1/24/2014,$44.25 ,$182.04 ,$8.20 
1/25/2014,$59.00 ,$123.00 ,$16.40 
1/26/2014,$0.00 ,$0.00 ,$0.00 
1/27/2014,$14.75 ,$124.64 ,$16.40 
1/28/2014,$29.50 ,$137.76 ,$16.40 
1/29/2014,$14.75 ,$155.80 ,$8.20 
1/30/2014,$73.75 ,$132.84 ,$8.20 
1/31/2014,$59.00 ,$175.48 ,$24.60 
2/1/2014,$44.25 ,$170.56 ,$57.40 
2/2/2014,$0.00 ,$0.00 ,$0.00 
2/3/2014,$14.75 ,$134.48 ,$0.00 
2/4/2014,$14.75 ,$142.68 ,$0.00 
2/5/2014,$44.25 ,$145.96 ,$8.20 
2/6/2014,$29.50 ,$114.80 ,$0.00 
2/7/2014,$132.75 ,$168.92 ,$8.20 
2/8/2014,$44.25 ,$234.52 ,$49.20 
2/9/2014,$0.00 ,$0.00 ,$0.00 
2/10/2014,$29.50 ,$139.40 ,$8.20 
2/11/2014,$29.50 ,$126.28 ,$8.20 
2/12/2014,$44.25 ,$124.64 ,$8.20 
2/13/2014,$73.75 ,$60.68 ,$0.00 
2/14/2014,$132.75 ,$144.32 ,$8.20 
2/15/2014,$73.75 ,$132.84 ,$16.40 
2/16/2014,$0.00 ,$0.00 ,$0.00 
2/17/2014,$44.25 ,$150.88 ,$24.60 
2/18/2014,$44.25 ,$116.44 ,$8.20 
2/19/2014,$0.00 ,$90.20 ,$32.80 
2/20/2014,$14.75 ,$147.60 ,$16.40 
2/21/2014,$73.75 ,$213.20 ,$32.80 
2/22/2014,$44.25 ,$209.92 ,$41.00 
2/23/2014,$0.00 ,$0.00 ,$0.00 
2/24/2014,$44.25 ,$123.00 ,$16.40 
2/25/2014,$59.00 ,$119.72 ,$16.40 
2/26/2014,$29.50 ,$170.56 ,$8.20 
2/27/2014,$59.00 ,$103.32 ,$32.80 
2/28/2014,$44.25 ,$196.80 ,$8.20 
3/1/2014,$73.75 ,$168.92 ,$65.60 
3/2/2014,$0.00 ,$0.00 ,$0.00 
3/3/2014,$73.75 ,$121.36 ,$41.00 
3/4/2014,$59.00 ,$136.12 ,$41.00 
3/5/2014,$29.50 ,$150.88 ,$41.00 
3/6/2014,$44.25 ,$149.24 ,$16.40 
3/7/2014,$44.25 ,$144.32 ,$32.80 
3/8/2014,$59.00 ,$142.68 ,$16.40 
3/9/2014,$0.00 ,$0.00 ,$0.00 
3/10/2014,$0.00 ,$123.00 ,$24.60 
3/11/2014,$0.00 ,$95.12 ,$8.20 
3/12/2014,$88.50 ,$132.84 ,$16.40 
3/13/2014,$14.75 ,$82.00 ,$24.60 
3/14/2014,$73.75 ,$127.92 ,$16.40 
3/15/2014,$29.50 ,$118.08 ,$0.00 
3/16/2014,$0.00 ,$0.00 ,$0.00 
3/17/2014,$0.00 ,$162.36 ,$8.20 
3/18/2014,$29.50 ,$98.40 ,$8.20 
3/19/2014,$14.75 ,$101.68 ,$24.60 
3/20/2014,$0.00 ,$127.92 ,$0.00 
3/21/2014,$44.25 ,$164.00 ,$16.40 
3/22/2014,$59.00 ,$175.48 ,$41.00 
3/23/2014,$0.00 ,$0.00 ,$0.00 
3/24/2014,$29.50 ,$149.24 ,$24.60 
3/25/2014,$14.75 ,$83.64 ,$24.60 
3/26/2014,$44.25 ,$150.88 ,$32.80 
3/27/2014,$118.00 ,$104.96 ,$8.20 
3/28/2014,$29.50 ,$131.20 ,$41.00 
3/29/2014,$59.00 ,$168.92 ,$32.80 
3/30/2014,$0.00 ,$0.00 ,$0.00 
3/31/2014,$73.75 ,$93.48 ,$32.80 
4/1/2014,$73.75 ,$96.76 ,$0.00 
4/2/2014,$29.50 ,$165.64 ,$0.00 
4/3/2014,$14.75 ,$134.48 ,$0.00 
4/4/2014,$44.25 ,$159.08 ,$16.40 
4/5/2014,$29.50 ,$185.32 ,$8.20 
4/6/2014,$0.00 ,$0.00 ,$0.00 
4/7/2014,$44.25 ,$152.52 ,$32.80 
4/8/2014,$29.50 ,$109.88 ,$16.40 
4/9/2014,$59.00 ,$152.52 ,$16.40 
4/10/2014,$44.25 ,$83.64 ,$16.40 
4/11/2014,$147.50 ,$165.64 ,$32.80 
4/12/2014,$44.25 ,$200.08 ,$41.00 
4/13/2014,$0.00 ,$0.00 ,$0.00 
4/14/2014,$29.50 ,$168.92 ,$16.40 
4/15/2014,$59.00 ,$137.76 ,$8.20 
4/16/2014,$44.25 ,$155.80 ,$16.40 
4/17/2014,$118.00 ,$136.12 ,$49.20 
4/18/2014,$59.00 ,$205.00 ,$16.40 
4/19/2014,$88.50 ,$201.72 ,$65.60 
4/20/2014,$0.00 ,$0.00 ,$0.00 
4/21/2014,$14.75 ,$65.60 ,$16.40 
4/22/2014,$14.75 ,$85.28 ,$16.40 
4/23/2014,$59.00 ,$137.76 ,$0.00 
4/24/2014,$0.00 ,$123.00 ,$0.00 
4/25/2014,$44.25 ,$177.12 ,$8.20 
4/26/2014,$44.25 ,$214.84 ,$32.80 
4/27/2014,$0.00 ,$0.00 ,$0.00 
4/28/2014,$0.00 ,$98.40 ,$16.40 
4/29/2014,$59.00 ,$108.24 ,$8.20 
4/30/2014,$29.50 ,$139.40 ,$41.00 
5/1/2014,$73.75 ,$121.36 ,$16.40 
5/2/2014,$103.25 ,$147.60 ,$8.20 
5/3/2014,$73.75 ,$195.16 ,$98.40 
5/4/2014,$0.00 ,$0.00 ,$0.00 
5/5/2014,$29.50 ,$109.88 ,$16.40 
5/6/2014,$44.25 ,$104.96 ,$16.40 
5/7/2014,$88.50 ,$109.88 ,$32.80 
5/8/2014,$44.25 ,$98.40 ,$16.40 
5/9/2014,$44.25 ,$164.00 ,$8.20 
5/10/2014,$177.00 ,$255.84 ,$41.00 
5/11/2014,$0.00 ,$0.00 ,$0.00 
5/12/2014,$59.00 ,$96.76 ,$8.20 
5/13/2014,$29.50 ,$104.96 ,$0.00 
5/14/2014,$73.75 ,$113.16 ,$0.00 
5/15/2014,$44.25 ,$124.64 ,$41.00 
5/16/2014,$29.50 ,$91.84 ,$24.60 
5/17/2014,$44.25 ,$131.20 ,$16.40 
5/18/2014,$0.00 ,$0.00 ,$0.00 
5/19/2014,$0.00 ,$0.00 ,$0.00 
5/20/2014,$73.75 ,$86.92 ,$24.60 
5/21/2014,$103.25 ,$103.32 ,$41.00 
5/22/2014,$59.00 ,$152.52 ,$16.40 
5/23/2014,$29.50 ,$75.44 ,$16.40 
5/24/2014,$44.25 ,$183.68 ,$0.00 
5/25/2014,$0.00 ,$0.00 ,$0.00 
5/26/2014,$14.75 ,$129.56 ,$16.40 
5/27/2014,$0.00 ,$72.16 ,$8.20 
5/28/2014,$0.00 ,$77.08 ,$8.20 
5/29/2014,$14.75 ,$101.68 ,$16.40 
5/30/2014,$73.75 ,$101.68 ,$16.40 
5/31/2014,$59.00 ,$167.28 ,$16.40 
6/1/2014,$0.00 ,$0.00 ,$0.00 
6/2/2014,$29.50 ,$109.88 ,$16.40 
6/3/2014,$29.50 ,$73.80 ,$32.80 
6/4/2014,$0.00 ,$55.76 ,$16.40 
6/5/2014,$44.25 ,$137.76 ,$16.40 
6/6/2014,$103.25 ,$191.88 ,$16.40 
6/7/2014,$88.50 ,$190.24 ,$32.80 
6/8/2014,$0.00 ,$0.00 ,$0.00 
6/9/2014,$73.75 ,$106.60 ,$16.40 
6/10/2014,$29.50 ,$118.08 ,$8.20 
6/11/2014,$29.50 ,$98.40 ,$32.80 
6/12/2014,$59.00 ,$124.64 ,$24.60 
6/13/2014,$88.50 ,$147.60 ,$8.20 
6/14/2014,$88.50 ,$139.40 ,$16.40 
6/15/2014,$0.00 ,$0.00 ,$0.00 
6/16/2014,$29.50 ,$93.48 ,$8.20 
6/17/2014,$44.25 ,$139.40 ,$16.40 
6/18/2014,$14.75 ,$78.72 ,$24.60 
6/19/2014,$29.50 ,$121.36 ,$8.20 
6/20/2014,$73.75 ,$108.24 ,$16.40 
6/21/2014,$132.75 ,$126.28 ,$32.80 
6/22/2014,$0.00 ,$0.00 ,$0.00 
6/23/2014,$44.25 ,$108.24 ,$0.00 
6/24/2014,$59.00 ,$145.96 ,$16.40 
6/25/2014,$59.00 ,$121.36 ,$16.40 
6/26/2014,$103.25 ,$123.00 ,$0.00 
6/27/2014,$59.00 ,$127.92 ,$16.40 
6/28/2014,$29.50 ,$183.68 ,$24.60 
6/29/2014,$0.00 ,$0.00 ,$0.00 
6/30/2014,$73.75 ,$106.60 ,$8.20 
7/1/2014,$14.75 ,$103.32 ,$41.00 
7/2/2014,$59.00 ,$113.16 ,$0.00 
7/3/2014,$103.25 ,$150.88 ,$24.60 
7/4/2014,$73.75 ,$101.68 ,$16.40 
7/5/2014,$103.25 ,$200.08 ,$98.40 
7/6/2014,$0.00 ,$0.00 ,$0.00 
7/7/2014,$59.00 ,$114.80 ,$16.40 
7/8/2014,$14.75 ,$127.92 ,$32.80 
7/9/2014,$59.00 ,$113.16 ,$32.80 
7/10/2014,$59.00 ,$175.48 ,$32.80 
7/11/2014,$73.75 ,$149.24 ,$32.80 
7/12/2014,$59.00 ,$165.64 ,$24.60 
7/13/2014,$0.00 ,$0.00 ,$0.00 
7/14/2014,$59.00 ,$141.04 ,$24.60 
7/15/2014,$59.00 ,$165.64 ,$0.00 
7/16/2014,$29.50 ,$173.84 ,$32.80 
7/17/2014,$177.00 ,$177.12 ,$16.40 
7/18/2014,$59.00 ,$195.16 ,$8.20 
7/19/2014,$88.50 ,$198.44 ,$57.40 
7/20/2014,$0.00 ,$0.00 ,$0.00 
7/21/2014,$44.25 ,$160.72 ,$8.20 
7/22/2014,$14.75 ,$108.24 ,$24.60 
7/23/2014,$73.75 ,$152.52 ,$24.60 
7/24/2014,$162.25 ,$183.68 ,$8.20 
7/25/2014,$59.00 ,$172.20 ,$41.00 
7/26/2014,$118.00 ,$246.00 ,$32.80 
7/27/2014,$0.00 ,$0.00 ,$0.00 
7/28/2014,$14.75 ,$111.52 ,$32.80 
7/29/2014,$103.25 ,$214.84 ,$16.40 
7/30/2014,$59.00 ,$175.48 ,$16.40 
7/31/2014,$73.75 ,$198.44 ,$41.00 
8/1/2014,$147.50 ,$206.64 ,$24.60 
8/2/2014,$88.50 ,$193.52 ,$32.80 
8/3/2014,$0.00 ,$0.00 ,$0.00 
8/4/2014,$59.00 ,$141.04 ,$32.80 
8/5/2014,$44.25 ,$104.96 ,$41.00 
8/6/2014,$29.50 ,$106.60 ,$32.80 
8/7/2014,$14.75 ,$124.64 ,$32.80 
8/8/2014,$73.75 ,$209.92 ,$16.40 
8/9/2014,$29.50 ,$173.84 ,$32.80 
8/10/2014,$0.00 ,$0.00 ,$0.00 
8/11/2014,$44.25 ,$141.04 ,$41.00 
8/12/2014,$29.50 ,$154.16 ,$41.00 
8/13/2014,$103.25 ,$170.56 ,$16.40 
8/14/2014,$14.75 ,$167.28 ,$41.00 
8/15/2014,$103.25 ,$180.40 ,$32.80 
8/16/2014,$132.75 ,$200.08 ,$49.20 
8/17/2014,$0.00 ,$0.00 ,$0.00 
8/18/2014,$59.00 ,$183.68 ,$24.60 
8/19/2014,$73.75 ,$141.04 ,$32.80 
8/20/2014,$29.50 ,$145.96 ,$32.80 
8/21/2014,$44.25 ,$164.00 ,$8.20 
8/22/2014,$73.75 ,$178.76 ,$41.00 
8/23/2014,$44.25 ,$196.80 ,$24.60 
8/24/2014,$0.00 ,$0.00 ,$0.00 
8/25/2014,$44.25 ,$85.28 ,$8.20 
8/26/2014,$14.75 ,$114.80 ,$41.00 
8/27/2014,$29.50 ,$134.48 ,$24.60 
8/28/2014,$88.50 ,$129.56 ,$41.00 
8/29/2014,$132.75 ,$262.40 ,$24.60 
8/30/2014,$73.75 ,$213.20 ,$16.40 
8/31/2014,$0.00 ,$0.00 ,$0.00 
9/1/2014,$88.50 ,$193.52 ,$65.60 
9/2/2014,$59.00 ,$114.80 ,$41.00 
9/3/2014,$0.00 ,$159.08 ,$16.40 
9/4/2014,$0.00 ,$178.76 ,$16.40 
9/5/2014,$236.00 ,$291.92 ,$24.60 
9/6/2014,$88.50 ,$249.28 ,$41.00 
9/7/2014,$0.00 ,$0.00 ,$0.00 
9/8/2014,$73.75 ,$157.44 ,$16.40 
9/9/2014,$118.00 ,$98.40 ,$24.60 
9/10/2014,$14.75 ,$141.04 ,$16.40 
9/11/2014,$14.75 ,$134.48 ,$32.80 
9/12/2014,$103.25 ,$275.52 ,$41.00 
9/13/2014,$29.50 ,$255.84 ,$57.40 
9/14/2014,$0.00 ,$0.00 ,$0.00 
9/15/2014,$29.50 ,$141.04 ,$49.20 
9/16/2014,$29.50 ,$165.64 ,$8.20 
9/17/2014,$29.50 ,$141.04 ,$24.60 
9/18/2014,$29.50 ,$142.68 ,$16.40 
9/19/2014,$44.25 ,$390.32 ,$57.40 
9/20/2014,$103.25 ,$214.84 ,$24.60 
9/21/2014,$0.00 ,$0.00 ,$0.00 
9/22/2014,$14.75 ,$129.56 ,$24.60 
9/23/2014,$29.50 ,$142.68 ,$16.40 
9/24/2014,$29.50 ,$152.52 ,$41.00 
9/25/2014,$59.00 ,$216.48 ,$8.20 
9/26/2014,$162.25 ,$488.72 ,$65.60 
9/27/2014,$59.00 ,$305.04 ,$65.60 
9/28/2014,$0.00 ,$0.00 ,$0.00 
9/29/2014,$29.50 ,$162.36 ,$8.20 
9/30/2014,$59.00 ,$124.64 ,$16.40 
10/1/2014,$103.25 ,$182.04 ,$32.80 
10/2/2014,$44.25 ,$109.88 ,$49.20 
10/3/2014,$206.50 ,$510.04 ,$16.40 
10/4/2014,$44.25 ,$280.44 ,$65.60 
10/5/2014,$0.00 ,$0.00 ,$0.00 
10/6/2014,$29.50 ,$147.60 ,$49.20 
10/7/2014,$88.50 ,$175.48 ,$41.00 
10/8/2014,$44.25 ,$214.84 ,$32.80 
10/9/2014,$59.00 ,$203.36 ,$16.40 
10/10/2014,$132.75 ,$365.72 ,$32.80 
10/11/2014,$147.50 ,$406.72 ,$49.20 
10/12/2014,$0.00 ,$0.00 ,$0.00 
10/13/2014,$88.50 ,$237.80 ,$49.20 
10/14/2014,$73.75 ,$150.88 ,$49.20 
10/15/2014,$59.00 ,$160.72 ,$16.40 
10/16/2014,$103.25 ,$255.84 ,$16.40 
10/17/2014,$118.00 ,$298.48 ,$49.20 
10/18/2014,$44.25 ,$218.12 ,$41.00 
10/19/2014,$0.00 ,$0.00 ,$0.00 
10/20/2014,$73.75 ,$188.60 ,$32.80 
10/21/2014,$29.50 ,$190.24 ,$41.00 
10/22/2014,$118.00 ,$216.48 ,$32.80 
10/23/2014,$59.00 ,$175.48 ,$49.20 
10/24/2014,$191.75 ,$382.12 ,$32.80 
10/25/2014,$132.75 ,$350.96 ,$49.20 
10/26/2014,$0.00 ,$0.00 ,$0.00 
10/27/2014,$14.75 ,$191.88 ,$32.80 
10/28/2014,$14.75 ,$116.44 ,$24.60 
10/29/2014,$73.75 ,$152.52 ,$41.00 
10/30/2014,$88.50 ,$213.20 ,$16.40 
10/31/2014,$221.25 ,$401.80 ,$73.80 
11/1/2014,$59.00 ,$236.16 ,$8.20 
11/2/2014,$0.00 ,$0.00 ,$0.00 
11/3/2014,$59.00 ,$223.04 ,$41.00 
11/4/2014,$73.75 ,$136.12 ,$32.80 
11/5/2014,$29.50 ,$164.00 ,$0.00 
11/6/2014,$88.50 ,$160.72 ,$32.80 
11/7/2014,$177.00 ,$418.20 ,$8.20 
11/8/2014,$103.25 ,$270.60 ,$73.80 
11/9/2014,$0.00 ,$0.00 ,$0.00 
11/10/2014,$29.50 ,$170.56 ,$24.60 
11/11/2014,$73.75 ,$129.56 ,$32.80 
11/12/2014,$59.00 ,$155.80 ,$24.60 
11/13/2014,$88.50 ,$209.92 ,$24.60 
11/14/2014,$191.75 ,$347.68 ,$49.20 
11/15/2014,$118.00 ,$278.80 ,$32.80 
11/16/2014,$0.00 ,$0.00 ,$0.00 
11/17/2014,$59.00 ,$177.12 ,$8.20 
11/18/2014,$29.50 ,$198.44 ,$24.60 
11/19/2014,$44.25 ,$193.52 ,$8.20 
11/20/2014,$73.75 ,$139.40 ,$24.60 
11/21/2014,$132.75 ,$359.16 ,$73.80 
11/22/2014,$73.75 ,$219.76 ,$41.00 
11/23/2014,$0.00 ,$0.00 ,$0.00 
11/24/2014,$29.50 ,$186.96 ,$24.60 
11/25/2014,$88.50 ,$175.48 ,$49.20 
11/26/2014,$73.75 ,$177.12 ,$49.20 
11/27/2014,$0.00 ,$0.00 ,$0.00 
11/28/2014,$103.25 ,$206.64 ,$57.40 
11/29/2014,$132.75 ,$200.08 ,$98.40 
11/30/2014,$0.00 ,$0.00 ,$0.00 
12/1/2014,$73.75 ,$147.60 ,$16.40 
12/2/2014,$73.75 ,$101.68 ,$41.00 
12/3/2014,$118.00 ,$116.44 ,$41.00 
12/4/2014,$103.25 ,$160.72 ,$16.40 
12/5/2014,$132.75 ,$300.12 ,$73.80 
12/6/2014,$44.25 ,$288.64 ,$41.00 
12/7/2014,$0.00 ,$0.00 ,$0.00 
12/8/2014,$147.50 ,$196.80 ,$24.60 
12/9/2014,$88.50 ,$160.72 ,$8.20 
12/10/2014,$73.75 ,$173.84 ,$8.20 
12/11/2014,$88.50 ,$154.16 ,$49.20 
12/12/2014,$236.00 ,$236.16 ,$41.00 
12/13/2014,$88.50 ,$216.48 ,$57.40 
12/14/2014,$0.00 ,$0.00 ,$0.00 
12/15/2014,$29.50 ,$118.08 ,$41.00 
12/16/2014,$44.25 ,$131.20 ,$49.20 
12/17/2014,$103.25 ,$142.68 ,$41.00 
12/18/2014,$29.50 ,$118.08 ,$41.00 
12/19/2014,$132.75 ,$149.24 ,$32.80 
12/20/2014,$103.25 ,$131.20 ,$82.00 
12/21/2014,$0.00 ,$0.00 ,$0.00 
12/22/2014,$73.75 ,$152.52 ,$49.20 
12/23/2014,$73.75 ,$131.20 ,$65.60 
12/24/2014,$103.25 ,$65.60 ,$32.80 
12/25/2014,$0.00 ,$0.00 ,$0.00 
12/26/2014,$0.00 ,$0.00 ,$0.00 
12/27/2014,$0.00 ,$0.00 ,$0.00 
12/28/2014,$0.00 ,$0.00 ,$0.00 
12/29/2014,$59.00 ,$139.40 ,$49.20 
12/30/2014,$59.00 ,$116.44 ,$32.80 
12/31/2014,$73.75 ,$132.84 ,$32.80 
1/1/2015,$103.25 ,$132.84 ,$16.40 
1/2/2015,$0.00 ,$0.00 ,$0.00 
1/3/2015,$103.25 ,$124.64 ,$32.80 
1/4/2015,$0.00 ,$0.00 ,$0.00 
1/5/2015,$73.75 ,$141.04 ,$0.00 
1/6/2015,$59.00 ,$116.44 ,$8.20 
1/7/2015,$14.75 ,$83.64 ,$24.60 
1/8/2015,$44.25 ,$121.36 ,$16.40 
1/9/2015,$118.00 ,$200.08 ,$65.60 
1/10/2015,$29.50 ,$160.72 ,$32.80 
1/11/2015,$0.00 ,$0.00 ,$0.00 
1/12/2015,$29.50 ,$96.76 ,$16.40 
1/13/2015,$29.50 ,$109.88 ,$8.20 
1/14/2015,$88.50 ,$101.68 ,$8.20 
1/15/2015,$29.50 ,$162.36 ,$16.40 
1/16/2015,$132.75 ,$221.40 ,$106.60 
1/17/2015,$29.50 ,$195.16 ,$57.40 
1/18/2015,$0.00 ,$0.00 ,$0.00 
1/19/2015,$88.50 ,$191.88 ,$16.40 
1/20/2015,$88.50 ,$104.96 ,$24.60 
1/21/2015,$88.50 ,$152.52 ,$41.00 
1/22/2015,$29.50 ,$127.92 ,$16.40 
1/23/2015,$88.50 ,$280.44 ,$123.00 
1/24/2015,$88.50 ,$203.36 ,$41.00 
1/25/2015,$0.00 ,$0.00 ,$0.00 
1/26/2015,$14.75 ,$226.32 ,$32.80 
1/27/2015,$103.25 ,$193.52 ,$16.40 
1/28/2015,$59.00 ,$164.00 ,$8.20 
1/29/2015,$88.50 ,$190.24 ,$24.60 
1/30/2015,$162.25 ,$328.00 ,$90.20 
1/31/2015,$118.00 ,$273.88 ,$49.20 
2/1/2015,$0.00 ,$0.00 ,$0.00 
2/2/2015,$14.75 ,$196.80 ,$57.40 
2/3/2015,$73.75 ,$182.04 ,$24.60 
2/4/2015,$73.75 ,$162.36 ,$8.20 
2/5/2015,$118.00 ,$164.00 ,$8.20 
2/6/2015,$147.50 ,$383.76 ,$65.60 
2/7/2015,$118.00 ,$268.96 ,$41.00 
2/8/2015,$0.00 ,$0.00 ,$0.00 
2/9/2015,$29.50 ,$167.28 ,$16.40 
2/10/2015,$14.75 ,$167.28 ,$24.60 
2/11/2015,$73.75 ,$157.44 ,$49.20 
2/12/2015,$103.25 ,$198.44 ,$24.60 
2/13/2015,$162.25 ,$314.88 ,$139.40 
2/14/2015,$103.25 ,$209.92 ,$65.60 
2/15/2015,$0.00 ,$0.00 ,$0.00 
2/16/2015,$103.25 ,$195.16 ,$49.20 
2/17/2015,$44.25 ,$106.60 ,$32.80 
2/18/2015,$29.50 ,$131.20 ,$41.00 
2/19/2015,$103.25 ,$131.20 ,$0.00 
2/20/2015,$103.25 ,$291.92 ,$90.20 
2/21/2015,$73.75 ,$206.64 ,$8.20 
2/22/2015,$0.00 ,$0.00 ,$0.00 
2/23/2015,$14.75 ,$218.12 ,$8.20 
2/24/2015,$103.25 ,$136.12 ,$24.60 
2/25/2015,$88.50 ,$155.80 ,$41.00 
2/26/2015,$73.75 ,$198.44 ,$32.80 
2/27/2015,$118.00 ,$324.72 ,$57.40 
2/28/2015,$132.75 ,$219.76 ,$32.80 
3/1/2015,$0.00 ,$0.00 ,$0.00 
3/2/2015,$14.75 ,$173.84 ,$8.20 
3/3/2015,$88.50 ,$160.72 ,$32.80 
3/4/2015,$73.75 ,$109.88 ,$16.40 
3/5/2015,$44.25 ,$164.00 ,$57.40 
3/6/2015,$280.25 ,$332.92 ,$131.20 
3/7/2015,$44.25 ,$191.88 ,$24.60 
3/8/2015,$0.00 ,$0.00 ,$0.00 
3/9/2015,$103.25 ,$149.24 ,$8.20 
3/10/2015,$88.50 ,$145.96 ,$24.60 
3/11/2015,$73.75 ,$106.60 ,$16.40 
3/12/2015,$44.25 ,$121.36 ,$16.40 
3/13/2015,$88.50 ,$231.24 ,$106.60 
3/14/2015,$14.75 ,$168.92 ,$41.00 
3/15/2015,$0.00 ,$0.00 ,$0.00 
3/16/2015,$29.50 ,$139.40 ,$24.60 
3/17/2015,$29.50 ,$132.84 ,$49.20 
3/18/2015,$0.00 ,$160.72 ,$57.40 
3/19/2015,$59.00 ,$168.92 ,$24.60 
3/20/2015,$147.50 ,$296.84 ,$90.20 
3/21/2015,$221.25 ,$213.20 ,$65.60 
3/22/2015,$0.00 ,$0.00 ,$0.00 
3/23/2015,$44.25 ,$155.80 ,$16.40 
3/24/2015,$88.50 ,$136.12 ,$41.00 
3/25/2015,$29.50 ,$145.96 ,$49.20 
3/26/2015,$44.25 ,$129.56 ,$32.80 
3/27/2015,$221.25 ,$434.60 ,$65.60 
3/28/2015,$59.00 ,$262.40 ,$32.80 
3/29/2015,$0.00 ,$0.00 ,$0.00 
3/30/2015,$191.75 ,$149.24 ,$32.80 
3/31/2015,$44.25 ,$172.20 ,$24.60 
4/1/2015,$88.50 ,$134.48 ,$32.80 
4/2/2015,$73.75 ,$182.04 ,$49.20 
4/3/2015,$221.25 ,$254.20 ,$98.40 
4/4/2015,$118.00 ,$216.48 ,$24.60 
4/5/2015,$0.00 ,$0.00 ,$0.00 
4/6/2015,$59.00 ,$111.52 ,$24.60 
4/7/2015,$103.25 ,$172.20 ,$49.20 
4/8/2015,$73.75 ,$141.04 ,$16.40 
4/9/2015,$88.50 ,$165.64 ,$16.40 
4/10/2015,$221.25 ,$342.76 ,$90.20 
4/11/2015,$147.50 ,$246.00 ,$16.40 
4/12/2015,$0.00 ,$0.00 ,$0.00 
4/13/2015,$73.75 ,$182.04 ,$16.40 
4/14/2015,$73.75 ,$132.84 ,$49.20 
4/15/2015,$59.00 ,$209.92 ,$41.00 
4/16/2015,$29.50 ,$172.20 ,$8.20 
4/17/2015,$132.75 ,$298.48 ,$82.00 
4/18/2015,$29.50 ,$224.68 ,$24.60 
4/19/2015,$0.00 ,$0.00 ,$0.00 
4/20/2015,$0.00 ,$177.12 ,$24.60 
4/21/2015,$29.50 ,$139.40 ,$24.60 
4/22/2015,$118.00 ,$152.52 ,$32.80 
4/23/2015,$44.25 ,$154.16 ,$8.20 
4/24/2015,$191.75 ,$300.12 ,$73.80 
4/25/2015,$73.75 ,$254.20 ,$49.20 
4/26/2015,$0.00 ,$0.00 ,$0.00 
4/27/2015,$73.75 ,$155.80 ,$32.80 
4/28/2015,$44.25 ,$173.84 ,$16.40 
4/29/2015,$132.75 ,$182.04 ,$8.20 
4/30/2015,$59.00 ,$127.92 ,$49.20 
5/1/2015,$177.00 ,$375.56 ,$98.40 
5/2/2015,$103.25 ,$172.20 ,$41.00 
5/3/2015,$0.00 ,$0.00 ,$0.00 
5/4/2015,$118.00 ,$177.12 ,$16.40 
5/5/2015,$88.50 ,$183.68 ,$24.60 
5/6/2015,$73.75 ,$219.76 ,$8.20 
5/7/2015,$44.25 ,$137.76 ,$16.40 
5/8/2015,$191.75 ,$323.08 ,$57.40 
5/9/2015,$206.50 ,$234.52 ,$73.80 
5/10/2015,$0.00 ,$0.00 ,$0.00 
5/11/2015,$88.50 ,$195.16 ,$32.80 
5/12/2015,$29.50 ,$134.48 ,$16.40 
5/13/2015,$118.00 ,$124.64 ,$8.20 
5/14/2015,$29.50 ,$172.20 ,$16.40 
5/15/2015,$132.75 ,$280.44 ,$73.80 
5/16/2015,$14.75 ,$155.80 ,$49.20 
5/17/2015,$0.00 ,$0.00 ,$0.00 
5/18/2015,$44.25 ,$132.84 ,$8.20 
5/19/2015,$29.50 ,$142.68 ,$41.00 
5/20/2015,$59.00 ,$160.72 ,$16.40 
5/21/2015,$0.00 ,$201.72 ,$0.00 
5/22/2015,$118.00 ,$277.16 ,$49.20 
5/23/2015,$88.50 ,$180.40 ,$49.20 
5/24/2015,$0.00 ,$0.00 ,$0.00 
5/25/2015,$118.00 ,$196.80 ,$32.80 
5/26/2015,$0.00 ,$168.92 ,$32.80 
5/27/2015,$88.50 ,$131.20 ,$57.40 
5/28/2015,$29.50 ,$139.40 ,$57.40 
5/29/2015,$132.75 ,$309.96 ,$82.00 
5/30/2015,$103.25 ,$214.84 ,$73.80 
5/31/2015,$0.00 ,$0.00 ,$0.00 
6/1/2015,$0.00 ,$198.44 ,$24.60 
6/2/2015,$59.00 ,$109.88 ,$41.00 
6/3/2015,$103.25 ,$129.56 ,$16.40 
6/4/2015,$59.00 ,$144.32 ,$16.40 
6/5/2015,$368.75 ,$401.80 ,$131.20 
6/6/2015,$59.00 ,$221.40 ,$65.60 
6/7/2015,$0.00 ,$0.00 ,$0.00 
6/8/2015,$73.75 ,$177.12 ,$0.00 
6/9/2015,$59.00 ,$124.64 ,$16.40 
6/10/2015,$14.75 ,$193.52 ,$16.40 
6/11/2015,$88.50 ,$150.88 ,$41.00 
6/12/2015,$265.50 ,$278.80 ,$49.20 
6/13/2015,$44.25 ,$249.28 ,$57.40 
6/14/2015,$0.00 ,$0.00 ,$0.00 
6/15/2015,$73.75 ,$147.60 ,$41.00 
6/16/2015,$88.50 ,$155.80 ,$8.20 
6/17/2015,$73.75 ,$186.96 ,$24.60 
6/18/2015,$88.50 ,$188.60 ,$41.00 
6/19/2015,$103.25 ,$267.32 ,$106.60 
6/20/2015,$29.50 ,$218.12 ,$32.80 
6/21/2015,$0.00 ,$0.00 ,$0.00 
6/22/2015,$44.25 ,$173.84 ,$24.60 
6/23/2015,$73.75 ,$136.12 ,$41.00 
6/24/2015,$59.00 ,$127.92 ,$24.60 
6/25/2015,$132.75 ,$159.08 ,$32.80 
6/26/2015,$191.75 ,$282.08 ,$57.40 
6/27/2015,$73.75 ,$231.24 ,$49.20 
6/28/2015,$0.00 ,$0.00 ,$0.00 
6/29/2015,$29.50 ,$157.44 ,$24.60 
6/30/2015,$73.75 ,$208.28 ,$16.40 
7/1/2015,$132.75 ,$177.12 ,$41.00 
7/2/2015,$118.00 ,$262.40 ,$24.60 
7/3/2015,$309.75 ,$354.24 ,$98.40 
7/4/2015,$73.75 ,$352.60 ,$123.00 
7/5/2015,$0.00 ,$0.00 ,$0.00 
7/6/2015,$73.75 ,$246.00 ,$24.60 
7/7/2015,$29.50 ,$218.12 ,$8.20 
7/8/2015,$44.25 ,$224.68 ,$32.80 
7/9/2015,$132.75 ,$123.00 ,$24.60 
7/10/2015,$103.25 ,$277.16 ,$90.20 
7/11/2015,$29.50 ,$283.72 ,$98.40 
7/12/2015,$0.00 ,$0.00 ,$0.00 
7/13/2015,$59.00 ,$165.64 ,$57.40 
7/14/2015,$88.50 ,$232.88 ,$32.80 
7/15/2015,$88.50 ,$178.76 ,$32.80 
7/16/2015,$118.00 ,$231.24 ,$73.80 
7/17/2015,$162.25 ,$300.12 ,$65.60 
7/18/2015,$73.75 ,$260.76 ,$65.60 
7/19/2015,$0.00 ,$0.00 ,$0.00 
7/20/2015,$88.50 ,$241.08 ,$90.20 
7/21/2015,$103.25 ,$246.00 ,$8.20 
7/22/2015,$29.50 ,$175.48 ,$49.20 
7/23/2015,$132.75 ,$193.52 ,$24.60 
7/24/2015,$383.50 ,$359.16 ,$82.00 
7/25/2015,$88.50 ,$390.32 ,$41.00 
7/26/2015,$0.00 ,$0.00 ,$0.00 
7/27/2015,$73.75 ,$159.08 ,$41.00 
7/28/2015,$14.75 ,$191.88 ,$24.60 
7/29/2015,$206.50 ,$265.68 ,$41.00 
7/30/2015,$132.75 ,$195.16 ,$32.80 
7/31/2015,$280.25 ,$350.96 ,$90.20 
8/1/2015,$103.25 ,$303.40 ,$90.20 
8/2/2015,$0.00 ,$0.00 ,$0.00 
8/3/2015,$73.75 ,$257.48 ,$73.80 
8/4/2015,$73.75 ,$227.96 ,$73.80 
8/5/2015,$118.00 ,$203.36 ,$32.80 
8/6/2015,$103.25 ,$260.76 ,$57.40 
8/7/2015,$221.25 ,$423.12 ,$114.80 
8/8/2015,$162.25 ,$326.36 ,$123.00 
8/9/2015,$0.00 ,$0.00 ,$0.00 
8/10/2015,$73.75 ,$241.08 ,$82.00 
8/11/2015,$73.75 ,$295.20 ,$41.00 
8/12/2015,$59.00 ,$241.08 ,$8.20 
8/13/2015,$132.75 ,$234.52 ,$49.20 
8/14/2015,$250.75 ,$332.92 ,$98.40 
8/15/2015,$191.75 ,$311.60 ,$106.60 
8/16/2015,$0.00 ,$0.00 ,$0.00 
8/17/2015,$88.50 ,$167.28 ,$24.60 
8/18/2015,$88.50 ,$195.16 ,$41.00 
8/19/2015,$29.50 ,$139.40 ,$32.80 
8/20/2015,$59.00 ,$170.56 ,$8.20 
8/21/2015,$118.00 ,$382.12 ,$73.80 
8/22/2015,$132.75 ,$349.32 ,$73.80 
8/23/2015,$0.00 ,$0.00 ,$0.00 
8/24/2015,$103.25 ,$205.00 ,$24.60 
8/25/2015,$118.00 ,$201.72 ,$16.40 
8/26/2015,$103.25 ,$193.52 ,$0.00 
8/27/2015,$73.75 ,$221.40 ,$8.20 
8/28/2015,$147.50 ,$419.84 ,$65.60 
8/29/2015,$118.00 ,$350.96 ,$90.20 
8/30/2015,$0.00 ,$0.00 ,$0.00 
8/31/2015,$44.25 ,$236.16 ,$41.00 
9/1/2015,$73.75 ,$190.24 ,$8.20 
9/2/2015,$73.75 ,$216.48 ,$32.80 
9/3/2015,$132.75 ,$249.28 ,$16.40 
9/4/2015,$191.75 ,$375.56 ,$114.80 
9/5/2015,$147.50 ,$309.96 ,$106.60 
9/6/2015,$0.00 ,$0.00 ,$0.00 
9/7/2015,$88.50 ,$418.20 ,$82.00 
9/8/2015,$14.75 ,$177.12 ,$24.60 
9/9/2015,$73.75 ,$198.44 ,$57.40 
9/10/2015,$59.00 ,$260.76 ,$16.40 
9/11/2015,$147.50 ,$359.16 ,$73.80 
9/12/2015,$132.75 ,$385.40 ,$106.60 
9/13/2015,$0.00 ,$0.00 ,$0.00 
9/14/2015,$103.25 ,$209.92 ,$32.80 
9/15/2015,$88.50 ,$185.32 ,$24.60 
9/16/2015,$44.25 ,$234.52 ,$32.80 
9/17/2015,$88.50 ,$226.32 ,$16.40 
9/18/2015,$162.25 ,$380.48 ,$123.00 
9/19/2015,$59.00 ,$324.72 ,$73.80 
9/20/2015,$0.00 ,$0.00 ,$0.00 
9/21/2015,$44.25 ,$218.12 ,$57.40 
9/22/2015,$73.75 ,$190.24 ,$49.20 
9/23/2015,$73.75 ,$249.28 ,$32.80 
9/24/2015,$73.75 ,$206.64 ,$65.60 
9/25/2015,$147.50 ,$419.84 ,$106.60 
9/26/2015,$177.00 ,$444.44 ,$73.80 
9/27/2015,$0.00 ,$0.00 ,$0.00 
9/28/2015,$73.75 ,$255.84 ,$41.00 
9/29/2015,$103.25 ,$211.56 ,$49.20 
9/30/2015,$88.50 ,$237.80 ,$49.20 
10/1/2015,$59.00 ,$227.96 ,$90.20 
10/2/2015,$88.50 ,$413.28 ,$57.40 
10/3/2015,$59.00 ,$283.72 ,$57.40 
10/4/2015,$0.00 ,$0.00 ,$0.00 
10/5/2015,$59.00 ,$198.44 ,$8.20 
10/6/2015,$29.50 ,$234.52 ,$32.80 
10/7/2015,$118.00 ,$173.84 ,$49.20 
10/8/2015,$103.25 ,$160.72 ,$32.80 
10/9/2015,$177.00 ,$424.76 ,$98.40 
10/10/2015,$132.75 ,$447.72 ,$73.80 
10/11/2015,$0.00 ,$0.00 ,$0.00 
10/12/2015,$29.50 ,$331.28 ,$57.40 
10/13/2015,$103.25 ,$252.56 ,$16.40 
10/14/2015,$88.50 ,$236.16 ,$24.60 
10/15/2015,$59.00 ,$242.72 ,$49.20 
10/16/2015,$236.00 ,$321.44 ,$98.40 
10/17/2015,$59.00 ,$395.24 ,$114.80 
10/18/2015,$0.00 ,$0.00 ,$0.00 
10/19/2015,$73.75 ,$250.92 ,$16.40 
10/20/2015,$73.75 ,$149.24 ,$41.00 
10/21/2015,$88.50 ,$160.72 ,$32.80 
10/22/2015,$73.75 ,$252.56 ,$73.80 
10/23/2015,$118.00 ,$513.32 ,$131.20 
10/24/2015,$177.00 ,$349.32 ,$73.80 
10/25/2015,$0.00 ,$0.00 ,$0.00 
10/26/2015,$59.00 ,$267.32 ,$65.60 
10/27/2015,$73.75 ,$195.16 ,$32.80 
10/28/2015,$88.50 ,$214.84 ,$24.60 
10/29/2015,$73.75 ,$206.64 ,$8.20 
10/30/2015,$236.00 ,$396.88 ,$73.80 
10/31/2015,$88.50 ,$337.84 ,$73.80 
11/1/2015,$0.00 ,$0.00 ,$0.00 
11/2/2015,$103.25 ,$239.44 ,$41.00 
11/3/2015,$147.50 ,$186.96 ,$49.20 
11/4/2015,$44.25 ,$213.20 ,$41.00 
11/5/2015,$88.50 ,$208.28 ,$0.00 
11/6/2015,$177.00 ,$344.40 ,$90.20 
11/7/2015,$59.00 ,$355.88 ,$73.80 
11/8/2015,$0.00 ,$0.00 ,$0.00 
11/9/2015,$44.25 ,$231.24 ,$24.60 
11/10/2015,$73.75 ,$201.72 ,$8.20 
11/11/2015,$73.75 ,$193.52 ,$8.20 
11/12/2015,$103.25 ,$224.68 ,$16.40 
11/13/2015,$191.75 ,$406.72 ,$139.40 
11/14/2015,$191.75 ,$344.40 ,$123.00 
11/15/2015,$0.00 ,$0.00 ,$0.00 
11/16/2015,$73.75 ,$231.24 ,$41.00 
11/17/2015,$132.75 ,$244.36 ,$16.40 
11/18/2015,$73.75 ,$183.68 ,$32.80 
11/19/2015,$59.00 ,$167.28 ,$57.40 
11/20/2015,$147.50 ,$313.24 ,$90.20 
11/21/2015,$44.25 ,$213.20 ,$24.60 
11/22/2015,$0.00 ,$0.00 ,$0.00 
11/23/2015,$29.50 ,$227.96 ,$32.80 
11/24/2015,$118.00 ,$186.96 ,$24.60 
11/25/2015,$118.00 ,$177.12 ,$57.40 
11/26/2015,$0.00 ,$0.00 ,$0.00 
11/27/2015,$103.25 ,$191.88 ,$73.80 
11/28/2015,$88.50 ,$186.96 ,$24.60 
11/29/2015,$0.00 ,$0.00 ,$0.00 
11/30/2015,$59.00 ,$159.08 ,$24.60 
12/1/2015,$59.00 ,$142.68 ,$41.00 
12/2/2015,$73.75 ,$139.40 ,$16.40 
12/3/2015,$44.25 ,$139.40 ,$49.20 
12/4/2015,$206.50 ,$362.44 ,$90.20 
12/5/2015,$88.50 ,$303.40 ,$49.20 
12/6/2015,$0.00 ,$0.00 ,$0.00 
12/7/2015,$59.00 ,$188.60 ,$16.40 
12/8/2015,$88.50 ,$154.16 ,$32.80 
12/9/2015,$73.75 ,$237.80 ,$41.00 
12/10/2015,$73.75 ,$183.68 ,$32.80 
12/11/2015,$221.25 ,$336.20 ,$32.80 
12/12/2015,$103.25 ,$267.32 ,$57.40 
12/13/2015,$0.00 ,$0.00 ,$0.00 
12/14/2015,$29.50 ,$165.64 ,$32.80 
12/15/2015,$44.25 ,$137.76 ,$8.20 
12/16/2015,$29.50 ,$86.92 ,$16.40 
12/17/2015,$44.25 ,$131.20 ,$24.60 
12/18/2015,$59.00 ,$209.92 ,$139.40 
12/19/2015,$59.00 ,$214.84 ,$57.40 
12/20/2015,$0.00 ,$0.00 ,$0.00 
12/21/2015,$59.00 ,$147.60 ,$24.60 
12/22/2015,$147.50 ,$175.48 ,$16.40 
12/23/2015,$73.75 ,$114.80 ,$8.20 
12/24/2015,$73.75 ,$109.88 ,$41.00 
12/25/2015,$0.00 ,$0.00 ,$0.00 
12/26/2015,$0.00 ,$0.00 ,$0.00 
12/27/2015,$0.00 ,$0.00 ,$0.00 
12/28/2015,$73.75 ,$208.28 ,$32.80 
12/29/2015,$103.25 ,$193.52 ,$57.40 
12/30/2015,$73.75 ,$137.76 ,$57.40 
12/31/2015,$73.75 ,$211.56 ,$49.20 
1/1/2016,$88.50 ,$264.04 ,$73.80 
1/2/2016,$44.25 ,$160.72 ,$90.20 
1/3/2016,$0.00 ,$0.00 ,$0.00 
1/4/2016,$29.50 ,$113.16 ,$41.00 
1/5/2016,$44.25 ,$165.64 ,$24.60 
1/6/2016,$59.00 ,$109.88 ,$8.20 
1/7/2016,$44.25 ,$126.28 ,$32.80 
1/8/2016,$29.50 ,$301.76 ,$57.40 
1/9/2016,$14.75 ,$195.16 ,$32.80 
1/10/2016,$0.00 ,$0.00 ,$0.00 
1/11/2016,$29.50 ,$123.00 ,$32.80 
1/12/2016,$162.25 ,$134.48 ,$0.00 
1/13/2016,$103.25 ,$183.68 ,$41.00 
1/14/2016,$0.00 ,$145.96 ,$16.40 
1/15/2016,$73.75 ,$298.48 ,$57.40 
1/16/2016,$59.00 ,$282.08 ,$57.40 
1/17/2016,$0.00 ,$0.00 ,$0.00 
1/18/2016,$59.00 ,$221.40 ,$24.60 
1/19/2016,$14.75 ,$168.92 ,$8.20 
1/20/2016,$73.75 ,$129.56 ,$16.40 
1/21/2016,$44.25 ,$162.36 ,$57.40 
1/22/2016,$73.75 ,$39.36 ,$24.60 
1/23/2016,$0.00 ,$62.32 ,$8.20 
1/24/2016,$0.00 ,$0.00 ,$0.00 
1/25/2016,$73.75 ,$152.52 ,$8.20 
1/26/2016,$88.50 ,$164.00 ,$8.20 
1/27/2016,$29.50 ,$159.08 ,$8.20 
1/28/2016,$44.25 ,$173.84 ,$8.20 
1/29/2016,$132.75 ,$393.60 ,$49.20 
1/30/2016,$0.00 ,$293.56 ,$32.80 
1/31/2016,$0.00 ,$0.00 ,$0.00 
2/1/2016,$73.75 ,$159.08 ,$8.20 
2/2/2016,$29.50 ,$183.68 ,$32.80 
2/3/2016,$44.25 ,$167.28 ,$24.60 
2/4/2016,$44.25 ,$216.48 ,$32.80 
2/5/2016,$73.75 ,$337.84 ,$98.40 
2/6/2016,$29.50 ,$280.44 ,$65.60 
2/7/2016,$0.00 ,$0.00 ,$0.00 
2/8/2016,$103.25 ,$160.72 ,$24.60 
2/9/2016,$88.50 ,$183.68 ,$32.80 
2/10/2016,$14.75 ,$213.20 ,$32.80 
2/11/2016,$29.50 ,$168.92 ,$8.20 
2/12/2016,$250.75 ,$296.84 ,$82.00 
2/13/2016,$103.25 ,$246.00 ,$57.40 
2/14/2016,$0.00 ,$0.00 ,$0.00 
2/15/2016,$14.75 ,$177.12 ,$16.40 
2/16/2016,$73.75 ,$198.44 ,$32.80 
2/17/2016,$59.00 ,$167.28 ,$24.60 
2/18/2016,$0.00 ,$139.40 ,$16.40 
2/19/2016,$118.00 ,$326.36 ,$90.20 
2/20/2016,$44.25 ,$257.48 ,$49.20 
2/21/2016,$0.00 ,$0.00 ,$0.00 
2/22/2016,$14.75 ,$167.28 ,$8.20 
2/23/2016,$44.25 ,$216.48 ,$41.00 
2/24/2016,$59.00 ,$164.00 ,$8.20 
2/25/2016,$44.25 ,$175.48 ,$16.40 
2/26/2016,$147.50 ,$311.60 ,$90.20 
2/27/2016,$118.00 ,$306.68 ,$106.60 
2/28/2016,$0.00 ,$0.00 ,$0.00 
2/29/2016,$44.25 ,$142.68 ,$24.60 
3/1/2016,$88.50 ,$206.64 ,$16.40 
3/2/2016,$59.00 ,$205.00 ,$8.20 
3/3/2016,$44.25 ,$191.88 ,$24.60 
3/4/2016,$206.50 ,$341.12 ,$139.40 
3/5/2016,$44.25 ,$236.16 ,$106.60 
3/6/2016,$0.00 ,$0.00 ,$0.00 
3/7/2016,$29.50 ,$159.08 ,$32.80 
3/8/2016,$73.75 ,$104.96 ,$24.60 
3/9/2016,$73.75 ,$141.04 ,$41.00 
3/10/2016,$29.50 ,$159.08 ,$49.20 
3/11/2016,$147.50 ,$314.88 ,$65.60 
3/12/2016,$73.75 ,$268.96 ,$32.80 
3/13/2016,$0.00 ,$0.00 ,$0.00 
3/14/2016,$14.75 ,$180.40 ,$41.00 
3/15/2016,$44.25 ,$164.00 ,$24.60 
3/16/2016,$44.25 ,$175.48 ,$16.40 
3/17/2016,$14.75 ,$162.36 ,$16.40 
3/18/2016,$162.25 ,$336.20 ,$106.60 
3/19/2016,$29.50 ,$293.56 ,$57.40 
3/20/2016,$0.00 ,$0.00 ,$0.00 
3/21/2016,$118.00 ,$185.32 ,$49.20 
3/22/2016,$29.50 ,$196.80 ,$41.00 
3/23/2016,$44.25 ,$175.48 ,$24.60 
3/24/2016,$73.75 ,$224.68 ,$16.40 
3/25/2016,$250.75 ,$447.72 ,$131.20 
3/26/2016,$73.75 ,$190.24 ,$41.00 
3/27/2016,$0.00 ,$0.00 ,$0.00 
3/28/2016,$44.25 ,$195.16 ,$32.80 
3/29/2016,$14.75 ,$255.84 ,$8.20 
3/30/2016,$118.00 ,$219.76 ,$24.60 
3/31/2016,$88.50 ,$224.68 ,$41.00 
4/1/2016,$250.75 ,$352.60 ,$57.40 
4/2/2016,$103.25 ,$232.88 ,$65.60 
4/3/2016,$0.00 ,$0.00 ,$0.00 
4/4/2016,$73.75 ,$213.20 ,$49.20 
4/5/2016,$59.00 ,$191.88 ,$32.80 
4/6/2016,$44.25 ,$195.16 ,$16.40 
4/7/2016,$88.50 ,$198.44 ,$16.40 
4/8/2016,$118.00 ,$436.24 ,$98.40 
4/9/2016,$88.50 ,$282.08 ,$41.00 
4/10/2016,$0.00 ,$0.00 ,$0.00 
4/11/2016,$59.00 ,$195.16 ,$49.20 
4/12/2016,$29.50 ,$193.52 ,$8.20 
4/13/2016,$14.75 ,$183.68 ,$16.40 
4/14/2016,$59.00 ,$227.96 ,$24.60 
4/15/2016,$59.00 ,$395.24 ,$90.20 
4/16/2016,$88.50 ,$254.20 ,$82.00 
4/17/2016,$0.00 ,$0.00 ,$0.00 
4/18/2016,$103.25 ,$168.92 ,$16.40 
4/19/2016,$44.25 ,$136.12 ,$16.40 
4/20/2016,$0.00 ,$147.60 ,$24.60 
4/21/2016,$118.00 ,$170.56 ,$16.40 
4/22/2016,$206.50 ,$439.52 ,$90.20 
4/23/2016,$88.50 ,$354.24 ,$41.00 
4/24/2016,$0.00 ,$0.00 ,$0.00 
4/25/2016,$59.00 ,$173.84 ,$32.80 
4/26/2016,$44.25 ,$198.44 ,$8.20 
4/27/2016,$29.50 ,$183.68 ,$32.80 
4/28/2016,$132.75 ,$157.44 ,$8.20 
4/29/2016,$265.50 ,$424.76 ,$73.80 
4/30/2016,$118.00 ,$190.24 ,$73.80 
5/1/2016,$0.00 ,$0.00 ,$0.00 
5/2/2016,$132.75 ,$206.64 ,$65.60 
5/3/2016,$59.00 ,$223.04 ,$57.40 
5/4/2016,$88.50 ,$249.28 ,$24.60 
5/5/2016,$59.00 ,$232.88 ,$24.60 
5/6/2016,$103.25 ,$492.00 ,$32.80 
5/7/2016,$29.50 ,$268.96 ,$49.20 
5/8/2016,$0.00 ,$0.00 ,$0.00 
5/9/2016,$44.25 ,$242.72 ,$41.00 
5/10/2016,$59.00 ,$237.80 ,$49.20 
5/11/2016,$59.00 ,$231.24 ,$8.20 
5/12/2016,$73.75 ,$196.80 ,$8.20 
5/13/2016,$162.25 ,$431.32 ,$57.40 
5/14/2016,$88.50 ,$365.72 ,$57.40 
5/15/2016,$0.00 ,$0.00 ,$0.00 
5/16/2016,$0.00 ,$183.68 ,$8.20 
5/17/2016,$103.25 ,$114.80 ,$49.20 
5/18/2016,$59.00 ,$205.00 ,$8.20 
5/19/2016,$73.75 ,$211.56 ,$0.00 
5/20/2016,$250.75 ,$403.44 ,$147.60 
5/21/2016,$103.25 ,$234.52 ,$49.20 
5/22/2016,$0.00 ,$0.00 ,$0.00 
5/23/2016,$103.25 ,$195.16 ,$49.20 
5/24/2016,$14.75 ,$219.76 ,$32.80 
5/25/2016,$59.00 ,$134.48 ,$24.60 
5/26/2016,$59.00 ,$182.04 ,$8.20 
5/27/2016,$132.75 ,$382.12 ,$65.60 
5/28/2016,$59.00 ,$341.12 ,$16.40 
5/29/2016,$0.00 ,$0.00 ,$0.00 
5/30/2016,$59.00 ,$260.76 ,$32.80 
5/31/2016,$29.50 ,$190.24 ,$32.80 
6/1/2016,$44.25 ,$218.12 ,$24.60 
6/2/2016,$44.25 ,$244.36 ,$16.40 
6/3/2016,$295.00 ,$410.00 ,$73.80 
6/4/2016,$73.75 ,$177.12 ,$57.40 
6/5/2016,$0.00 ,$0.00 ,$0.00 
6/6/2016,$73.75 ,$149.24 ,$0.00 
6/7/2016,$14.75 ,$193.52 ,$32.80 
6/8/2016,$14.75 ,$209.92 ,$8.20 
6/9/2016,$73.75 ,$200.08 ,$16.40 
6/10/2016,$132.75 ,$288.64 ,$73.80 
6/11/2016,$73.75 ,$250.92 ,$73.80 
6/12/2016,$0.00 ,$0.00 ,$0.00 
6/13/2016,$44.25 ,$200.08 ,$24.60 
6/14/2016,$14.75 ,$168.92 ,$16.40 
6/15/2016,$29.50 ,$196.80 ,$65.60 
6/16/2016,$59.00 ,$175.48 ,$32.80 
6/17/2016,$162.25 ,$254.20 ,$82.00 
6/18/2016,$73.75 ,$214.84 ,$82.00 
6/19/2016,$0.00 ,$0.00 ,$0.00 
6/20/2016,$44.25 ,$216.48 ,$24.60 
6/21/2016,$59.00 ,$214.84 ,$41.00 
6/22/2016,$59.00 ,$201.72 ,$32.80 
6/23/2016,$59.00 ,$247.64 ,$8.20 
6/24/2016,$118.00 ,$357.52 ,$98.40 
6/25/2016,$73.75 ,$277.16 ,$32.80 
6/26/2016,$0.00 ,$0.00 ,$0.00 
6/27/2016,$59.00 ,$219.76 ,$32.80 
6/28/2016,$29.50 ,$219.76 ,$16.40 
6/29/2016,$14.75 ,$203.36 ,$24.60 
6/30/2016,$73.75 ,$186.96 ,$16.40 
7/1/2016,$88.50 ,$350.96 ,$82.00 
7/2/2016,$118.00 ,$375.56 ,$73.80 
7/3/2016,$0.00 ,$0.00 ,$0.00 
7/4/2016,$191.75 ,$264.04 ,$32.80 
7/5/2016,$44.25 ,$285.36 ,$16.40 
7/6/2016,$29.50 ,$195.16 ,$41.00 
7/7/2016,$44.25 ,$219.76 ,$41.00 
7/8/2016,$88.50 ,$373.92 ,$82.00 
7/9/2016,$73.75 ,$285.36 ,$114.80 
7/10/2016,$0.00 ,$0.00 ,$0.00 
7/11/2016,$14.75 ,$178.76 ,$24.60 
7/12/2016,$14.75 ,$227.96 ,$16.40 
7/13/2016,$14.75 ,$224.68 ,$24.60 
7/14/2016,$73.75 ,$195.16 ,$49.20 
7/15/2016,$103.25 ,$396.88 ,$106.60 
7/16/2016,$59.00 ,$344.40 ,$98.40 
7/17/2016,$0.00 ,$0.00 ,$0.00 
7/18/2016,$44.25 ,$227.96 ,$49.20 
7/19/2016,$44.25 ,$267.32 ,$24.60 
7/20/2016,$73.75 ,$178.76 ,$16.40 
7/21/2016,$88.50 ,$213.20 ,$41.00 
7/22/2016,$73.75 ,$378.84 ,$147.60 
7/23/2016,$59.00 ,$282.08 ,$24.60 
7/24/2016,$0.00 ,$0.00 ,$0.00 
7/25/2016,$73.75 ,$232.88 ,$32.80 
7/26/2016,$59.00 ,$185.32 ,$16.40 
7/27/2016,$118.00 ,$241.08 ,$24.60 
7/28/2016,$88.50 ,$191.88 ,$32.80 
7/29/2016,$162.25 ,$388.68 ,$73.80 
7/30/2016,$132.75 ,$375.56 ,$32.80 
7/31/2016,$0.00 ,$0.00 ,$0.00 
8/1/2016,$73.75 ,$295.20 ,$65.60 
8/2/2016,$147.50 ,$250.92 ,$32.80 
8/3/2016,$44.25 ,$282.08 ,$16.40 
8/4/2016,$88.50 ,$349.32 ,$32.80 
8/5/2016,$162.25 ,$459.20 ,$65.60 
8/6/2016,$118.00 ,$323.08 ,$16.40 
8/7/2016,$0.00 ,$0.00 ,$0.00 
8/8/2016,$59.00 ,$234.52 ,$24.60 
8/9/2016,$44.25 ,$218.12 ,$57.40 
8/10/2016,$59.00 ,$280.44 ,$32.80 
8/11/2016,$103.25 ,$264.04 ,$41.00 
8/12/2016,$162.25 ,$437.88 ,$82.00 
8/13/2016,$103.25 ,$334.56 ,$123.00 
8/14/2016,$0.00 ,$0.00 ,$0.00 
8/15/2016,$59.00 ,$196.80 ,$49.20 
8/16/2016,$59.00 ,$183.68 ,$49.20 
8/17/2016,$29.50 ,$144.32 ,$57.40 
8/18/2016,$29.50 ,$214.84 ,$57.40 
8/19/2016,$206.50 ,$411.64 ,$139.40 
8/20/2016,$88.50 ,$324.72 ,$32.80 
8/21/2016,$0.00 ,$0.00 ,$0.00 
8/22/2016,$73.75 ,$170.56 ,$41.00 
8/23/2016,$14.75 ,$200.08 ,$32.80 
8/24/2016,$29.50 ,$250.92 ,$16.40 
8/25/2016,$88.50 ,$182.04 ,$73.80 
8/26/2016,$73.75 ,$367.36 ,$106.60 
8/27/2016,$162.25 ,$365.72 ,$82.00 
8/28/2016,$0.00 ,$0.00 ,$0.00 
8/29/2016,$88.50 ,$150.88 ,$24.60 
8/30/2016,$29.50 ,$180.40 ,$8.20 
8/31/2016,$103.25 ,$236.16 ,$8.20 
9/1/2016,$59.00 ,$247.64 ,$49.20 
9/2/2016,$59.00 ,$451.00 ,$65.60 
9/3/2016,$162.25 ,$385.40 ,$41.00 
9/4/2016,$0.00 ,$0.00 ,$0.00 
9/5/2016,$88.50 ,$439.52 ,$82.00 
9/6/2016,$44.25 ,$198.44 ,$41.00 
9/7/2016,$44.25 ,$175.48 ,$16.40 
9/8/2016,$29.50 ,$198.44 ,$57.40 
9/9/2016,$88.50 ,$490.36 ,$139.40 
9/10/2016,$118.00 ,$282.08 ,$57.40 
9/11/2016,$0.00 ,$0.00 ,$0.00 
9/12/2016,$44.25 ,$195.16 ,$32.80 
9/13/2016,$14.75 ,$188.60 ,$24.60 
9/14/2016,$59.00 ,$182.04 ,$16.40 
9/15/2016,$73.75 ,$229.60 ,$24.60 
9/16/2016,$103.25 ,$391.96 ,$123.00 
9/17/2016,$118.00 ,$265.68 ,$24.60 
9/18/2016,$0.00 ,$0.00 ,$0.00 
9/19/2016,$0.00 ,$236.16 ,$32.80 
9/20/2016,$88.50 ,$218.12 ,$8.20 
9/21/2016,$14.75 ,$200.08 ,$8.20 
9/22/2016,$73.75 ,$254.20 ,$41.00 
9/23/2016,$132.75 ,$410.00 ,$82.00 
9/24/2016,$147.50 ,$347.68 ,$73.80 
9/25/2016,$0.00 ,$0.00 ,$0.00 
9/26/2016,$44.25 ,$252.56 ,$41.00 
9/27/2016,$103.25 ,$221.40 ,$24.60 
9/28/2016,$88.50 ,$227.96 ,$32.80 
9/29/2016,$59.00 ,$298.48 ,$16.40 
9/30/2016,$162.25 ,$451.00 ,$147.60 
10/1/2016,$14.75 ,$365.72 ,$90.20 
10/2/2016,$0.00 ,$0.00 ,$0.00 
10/3/2016,$88.50 ,$242.72 ,$49.20 
10/4/2016,$29.50 ,$282.08 ,$41.00 
10/5/2016,$14.75 ,$290.28 ,$49.20 
10/6/2016,$88.50 ,$346.04 ,$65.60 
10/7/2016,$103.25 ,$560.88 ,$155.80 
10/8/2016,$103.25 ,$470.68 ,$147.60 
10/9/2016,$0.00 ,$0.00 ,$0.00 
10/10/2016,$0.00 ,$347.68 ,$41.00 
10/11/2016,$73.75 ,$329.64 ,$73.80 
10/12/2016,$103.25 ,$236.16 ,$65.60 
10/13/2016,$118.00 ,$259.12 ,$24.60 
10/14/2016,$221.25 ,$416.56 ,$82.00 
10/15/2016,$44.25 ,$350.96 ,$106.60 
10/16/2016,$0.00 ,$0.00 ,$0.00 
10/17/2016,$118.00 ,$229.60 ,$57.40 
10/18/2016,$29.50 ,$260.76 ,$49.20 
10/19/2016,$44.25 ,$247.64 ,$16.40 
10/20/2016,$29.50 ,$288.64 ,$41.00 
10/21/2016,$162.25 ,$418.20 ,$155.80 
10/22/2016,$177.00 ,$498.56 ,$82.00 
10/23/2016,$0.00 ,$0.00 ,$0.00 
10/24/2016,$44.25 ,$282.08 ,$32.80 
10/25/2016,$103.25 ,$272.24 ,$49.20 
10/26/2016,$29.50 ,$250.92 ,$24.60 
10/27/2016,$44.25 ,$257.48 ,$41.00 
10/28/2016,$177.00 ,$460.84 ,$82.00 
10/29/2016,$103.25 ,$396.88 ,$131.20 
10/30/2016,$0.00 ,$0.00 ,$0.00 
10/31/2016,$132.75 ,$242.72 ,$65.60 
11/1/2016,$44.25 ,$206.64 ,$16.40 
11/2/2016,$73.75 ,$209.92 ,$16.40 
11/3/2016,$59.00 ,$246.00 ,$49.20 
11/4/2016,$162.25 ,$465.76 ,$98.40 
11/5/2016,$147.50 ,$378.84 ,$98.40 
11/6/2016,$0.00 ,$0.00 ,$0.00 
11/7/2016,$88.50 ,$272.24 ,$41.00 
11/8/2016,$44.25 ,$290.28 ,$65.60 
11/9/2016,$88.50 ,$250.92 ,$73.80 
11/10/2016,$44.25 ,$298.48 ,$41.00 
11/11/2016,$280.25 ,$359.16 ,$90.20 
11/12/2016,$59.00 ,$332.92 ,$98.40 
11/13/2016,$0.00 ,$0.00 ,$0.00 
11/14/2016,$44.25 ,$209.92 ,$16.40 
11/15/2016,$29.50 ,$170.56 ,$24.60 
11/16/2016,$14.75 ,$134.48 ,$32.80 
11/17/2016,$59.00 ,$227.96 ,$73.80 
11/18/2016,$118.00 ,$385.40 ,$98.40 
11/19/2016,$73.75 ,$357.52 ,$82.00 
11/20/2016,$0.00 ,$0.00 ,$0.00 
11/21/2016,$103.25 ,$232.88 ,$41.00 
11/22/2016,$177.00 ,$219.76 ,$73.80 
11/23/2016,$44.25 ,$272.24 ,$98.40 
11/24/2016,$0.00 ,$0.00 ,$0.00 
11/25/2016,$221.25 ,$209.92 ,$65.60 
11/26/2016,$103.25 ,$139.40 ,$139.40 
11/27/2016,$0.00 ,$0.00 ,$0.00 
11/28/2016,$29.50 ,$175.48 ,$32.80 
11/29/2016,$44.25 ,$219.76 ,$49.20 
11/30/2016,$88.50 ,$159.08 ,$32.80 
12/1/2016,$59.00 ,$308.32 ,$41.00 
12/2/2016,$177.00 ,$328.00 ,$123.00 
12/3/2016,$59.00 ,$350.96 ,$65.60 
12/4/2016,$0.00 ,$0.00 ,$0.00 
12/5/2016,$88.50 ,$205.00 ,$41.00 
12/6/2016,$132.75 ,$167.28 ,$57.40 
12/7/2016,$147.50 ,$213.20 ,$24.60 
12/8/2016,$103.25 ,$236.16 ,$49.20 
12/9/2016,$88.50 ,$429.68 ,$98.40 
12/10/2016,$88.50 ,$273.88 ,$90.20 
12/11/2016,$0.00 ,$0.00 ,$0.00 
12/12/2016,$118.00 ,$236.16 ,$41.00 
12/13/2016,$29.50 ,$193.52 ,$16.40 
12/14/2016,$14.75 ,$209.92 ,$24.60 
12/15/2016,$88.50 ,$205.00 ,$32.80 
12/16/2016,$132.75 ,$270.60 ,$114.80 
12/17/2016,$73.75 ,$198.44 ,$49.20 
12/18/2016,$0.00 ,$0.00 ,$0.00 
12/19/2016,$0.00 ,$180.40 ,$32.80 
12/20/2016,$88.50 ,$203.36 ,$8.20 
12/21/2016,$132.75 ,$165.64 ,$8.20 
12/22/2016,$88.50 ,$164.00 ,$49.20 
12/23/2016,$191.75 ,$195.16 ,$73.80 
12/24/2016,$103.25 ,$131.20 ,$32.80 
12/25/2016,$0.00 ,$0.00 ,$0.00 
12/26/2016,$0.00 ,$0.00 ,$0.00 
12/27/2016,$44.25 ,$239.44 ,$41.00 
12/28/2016,$73.75 ,$249.28 ,$82.00 
12/29/2016,$191.75 ,$231.24 ,$41.00 
12/30/2016,$88.50 ,$350.96 ,$114.80 
12/31/2016,$59.00 ,$249.28 ,$65.60 
1/1/2017,0,0,0
1/2/2017,14.75,145.96,49.2
1/3/2017,73.75,139.4,32.8
1/4/2017,29.5,180.4,8.2
1/5/2017,29.5,175.48,8.2
1/6/2017,103.25,278.8,57.4
1/7/2017,29.5,63.96,24.6
1/8/2017,0,0,0
1/9/2017,44.25,183.68,24.6
1/10/2017,29.5,159.08,16.4
1/11/2017,29.5,196.8,24.6
1/12/2017,29.5,218.12,32.8
1/13/2017,177,301.76,98.4
1/14/2017,59,260.76,90.2
1/15/2017,0,0,0
1/16/2017,59,257.48,49.2
1/17/2017,73.75,170.56,49.2
1/18/2017,59,167.28,49.2
1/19/2017,44.25,182.04,8.2
1/20/2017,103.25,396.88,90.2
1/21/2017,44.25,288.64,41
1/22/2017,0,0,0
1/23/2017,44.25,214.84,24.6
1/24/2017,0,196.8,24.6
1/25/2017,44.25,168.92,41
1/26/2017,118,183.68,24.6
1/27/2017,206.5,541.2,155.8
1/28/2017,59,321.44,49.2
1/29/2017,0,0,0
1/30/2017,14.75,183.68,16.4
1/31/2017,14.75,264.04,49.2
2/1/2017,44.25,229.6,8.2
2/2/2017,118,213.2,16.4
2/3/2017,206.5,501.84,90.2
2/4/2017,132.75,342.76,32.8
2/5/2017,0,0,0
2/6/2017,59,200.08,16.4
2/7/2017,59,226.32,16.4
2/8/2017,14.75,223.04,8.2
2/9/2017,73.75,208.28,0
2/10/2017,177,403.44,139.4
2/11/2017,88.5,370.64,114.8
2/12/2017,0,0,0
2/13/2017,59,205,41
2/14/2017,103.25,200.08,98.4
2/15/2017,132.75,196.8,16.4
2/16/2017,44.25,206.64,41
2/17/2017,103.25,423.12,123
2/18/2017,73.75,319.8,32.8
2/19/2017,0,0,0
2/20/2017,29.5,209.92,41
2/21/2017,73.75,255.84,16.4
2/22/2017,0,193.52,16.4
2/23/2017,73.75,213.2,41
2/24/2017,162.25,441.16,123
2/25/2017,44.25,309.96,98.4
2/26/2017,0,0,0
2/27/2017,29.5,221.4,57.4
2/28/2017,29.5,216.48,90.2
3/1/2017,59,172.2,49.2
3/2/2017,44.25,259.12,24.6
3/3/2017,132.75,480.52,188.6
3/4/2017,147.5,395.24,98.4
3/5/2017,0,0,0
3/6/2017,59,296.84,16.4
3/7/2017,73.75,254.2,41
3/8/2017,118,219.76,32.8
3/9/2017,118,283.72,16.4
3/10/2017,118,482.16,123
3/11/2017,132.75,285.36,41
3/12/2017,0,0,0
3/13/2017,44.25,218.12,24.6
3/14/2017,103.25,180.4,49.2
3/15/2017,59,123,24.6
3/16/2017,59,188.6,16.4
3/17/2017,103.25,288.64,49.2
3/18/2017,44.25,196.8,49.2
3/19/2017,0,0,0
3/20/2017,73.75,211.56,24.6
3/21/2017,44.25,170.56,24.6
3/22/2017,59,209.92,16.4
3/23/2017,44.25,246,16.4
3/24/2017,88.5,441.16,82
3/25/2017,132.75,305.04,32.8
3/26/2017,0,0,0
3/27/2017,73.75,239.44,24.6
3/28/2017,14.75,268.96,32.8
3/29/2017,29.5,206.64,16.4
3/30/2017,59,270.6,24.6
3/31/2017,162.25,519.88,65.6
4/1/2017,59,400.16,82
4/2/2017,0,0,0
4/3/2017,29.5,223.04,16.4
4/4/2017,14.75,180.4,32.8
4/5/2017,88.5,224.68,49.2
4/6/2017,88.5,237.8,32.8
4/7/2017,162.25,449.36,98.4
4/8/2017,29.5,319.8,57.4
4/9/2017,0,0,0
4/10/2017,88.5,211.56,32.8
4/11/2017,59,219.76,57.4
4/12/2017,88.5,211.56,24.6
4/13/2017,88.5,267.32,41
4/14/2017,147.5,444.44,98.4
4/15/2017,147.5,321.44,123
4/16/2017,0,0,0
4/17/2017,44.25,198.44,24.6
4/18/2017,59,208.28,41
4/19/2017,29.5,229.6,24.6
4/20/2017,73.75,242.72,16.4
4/21/2017,132.75,408.36,41
4/22/2017,88.5,303.4,98.4
4/23/2017,0,0,0
4/24/2017,14.75,265.68,41
4/25/2017,103.25,177.12,41
4/26/2017,44.25,236.16,49.2
4/27/2017,44.25,232.88,32.8
4/28/2017,206.5,447.72,57.4
4/29/2017,103.25,375.56,73.8
4/30/2017,0,0,0
5/1/2017,118,290.28,32.8
5/2/2017,88.5,213.2,24.6
5/3/2017,88.5,241.08,73.8
5/4/2017,73.75,372.28,57.4
5/5/2017,103.25,414.92,139.4
5/6/2017,103.25,428.04,73.8
5/7/2017,0,0,0
5/8/2017,59,259.12,41
5/9/2017,118,314.88,8.2
5/10/2017,0,287,65.6
5/11/2017,14.75,290.28,73.8
5/12/2017,132.75,536.28,196.8
5/13/2017,162.25,395.24,131.2
5/14/2017,0,0,0
5/15/2017,44.25,172.2,32.8
5/16/2017,44.25,242.72,32.8
5/17/2017,103.25,170.56,41
5/18/2017,103.25,191.88,49.2
5/19/2017,162.25,347.68,114.8
5/20/2017,73.75,211.56,73.8
5/21/2017,0,0,0
5/22/2017,0,162.36,32.8
5/23/2017,29.5,208.28,32.8
5/24/2017,29.5,223.04,41
5/25/2017,73.75,203.36,32.8
5/26/2017,103.25,370.64,90.2
5/27/2017,59,244.36,114.8
5/28/2017,0,0,0
5/29/2017,73.75,283.72,32.8
5/30/2017,14.75,205,16.4
5/31/2017,44.25,224.68,57.4
6/1/2017,118,190.24,41
6/2/2017,88.5,519.88,139.4
6/3/2017,73.75,218.12,114.8
6/4/2017,0,0,0
6/5/2017,59,221.4,32.8
6/6/2017,73.75,218.12,24.6
6/7/2017,59,205,57.4
6/8/2017,73.75,209.92,32.8
6/9/2017,44.25,309.96,139.4
6/10/2017,147.5,275.52,41
6/11/2017,0,0,0
6/12/2017,14.75,205,90.2
6/13/2017,59,175.48,16.4
6/14/2017,44.25,213.2,24.6
6/15/2017,14.75,195.16,16.4
6/16/2017,147.5,396.88,90.2
6/17/2017,29.5,236.16,82
6/18/2017,0,0,0
6/19/2017,14.75,219.76,24.6
6/20/2017,103.25,246,41
6/21/2017,147.5,206.64,32.8
6/22/2017,29.5,347.68,114.8
6/23/2017,147.5,524.8,139.4
6/24/2017,132.75,298.48,123
6/25/2017,0,0,0
6/26/2017,29.5,283.72,73.8
6/27/2017,103.25,259.12,32.8
6/28/2017,29.5,262.4,16.4
6/29/2017,103.25,242.72,73.8
6/30/2017,191.75,408.36,98.4
7/1/2017,132.75,339.48,114.8
7/2/2017,0,0,0
7/3/2017,280.25,414.92,90.2
7/4/2017,177,242.72,24.6
7/5/2017,118,287,90.2
7/6/2017,103.25,267.32,57.4
7/7/2017,147.5,393.6,147.6
7/8/2017,103.25,275.52,82
7/9/2017,0,0,0
7/10/2017,29.5,267.32,41
7/11/2017,14.75,209.92,57.4
7/12/2017,14.75,265.68,57.4
7/13/2017,88.5,241.08,65.6
7/14/2017,206.5,323.08,57.4
7/15/2017,59,255.84,139.4
7/16/2017,0,0,0
7/17/2017,132.75,252.56,24.6
7/18/2017,73.75,264.04,65.6
7/19/2017,103.25,260.76,41
7/20/2017,118,259.12,57.4
7/21/2017,162.25,357.52,49.2
7/22/2017,59,344.4,49.2
7/23/2017,0,0,0
7/24/2017,59,344.4,57.4
7/25/2017,59,259.12,57.4
7/26/2017,14.75,283.72,16.4
7/27/2017,73.75,349.32,41
7/28/2017,221.25,470.68,155.8
7/29/2017,88.5,342.76,123
7/30/2017,0,0,0
7/31/2017,88.5,300.12,41
8/1/2017,73.75,344.4,65.6
8/2/2017,59,275.52,49.2
8/3/2017,132.75,309.96,57.4
8/4/2017,206.5,439.52,164
8/5/2017,132.75,375.56,90.2
8/6/2017,0,0,0
8/7/2017,44.25,278.8,41
8/8/2017,88.5,247.64,57.4
8/9/2017,73.75,262.4,24.6
8/10/2017,103.25,309.96,57.4
8/11/2017,147.5,513.32,131.2
8/12/2017,132.75,372.28,57.4
8/13/2017,0,0,0
8/14/2017,29.5,308.32,32.8
8/15/2017,88.5,254.2,41
8/16/2017,162.25,273.88,24.6
8/17/2017,73.75,255.84,57.4
8/18/2017,147.5,434.6,114.8
8/19/2017,103.25,398.52,90.2
8/20/2017,0,0,0
8/21/2017,88.5,288.64,32.8
8/22/2017,73.75,182.04,41
8/23/2017,73.75,246,24.6
8/24/2017,44.25,155.8,49.2
8/25/2017,177,413.28,131.2
8/26/2017,73.75,375.56,65.6
8/27/2017,0,0,0
8/28/2017,59,242.72,8.2
8/29/2017,73.75,241.08,24.6
8/30/2017,44.25,175.48,16.4
8/31/2017,29.5,231.24,82
9/1/2017,250.75,431.32,131.2
9/2/2017,132.75,380.48,65.6
9/3/2017,0,0,0
9/4/2017,103.25,301.76,32.8
9/5/2017,88.5,195.16,24.6
9/6/2017,44.25,242.72,57.4
9/7/2017,14.75,180.4,49.2
9/8/2017,73.75,396.88,106.6
9/9/2017,73.75,285.36,49.2
9/10/2017,0,0,0
9/11/2017,88.5,219.76,65.6
9/12/2017,44.25,298.48,65.6
9/13/2017,59,249.28,57.4
9/14/2017,59,173.84,32.8
9/15/2017,73.75,432.96,41
9/16/2017,177,334.56,139.4
9/17/2017,0,0,0
9/18/2017,29.5,182.04,98.4
9/19/2017,29.5,159.08,8.2
9/20/2017,59,191.88,49.2
9/21/2017,59,244.36,8.2
9/22/2017,118,385.4,65.6
9/23/2017,118,278.8,73.8
9/24/2017,0,0,0
9/25/2017,44.25,227.96,16.4
9/26/2017,14.75,141.04,24.6
9/27/2017,103.25,182.04,41
9/28/2017,103.25,231.24,16.4
9/29/2017,147.5,395.24,98.4
9/30/2017,44.25,319.8,49.2
10/1/2017,0,0,0
10/2/2017,118,218.12,41
10/3/2017,29.5,237.8,32.8
10/4/2017,103.25,221.4,16.4
10/5/2017,29.5,267.32,32.8
10/6/2017,191.75,459.2,164
10/7/2017,265.5,408.36,82
10/8/2017,0,0,0
10/9/2017,73.75,195.16,49.2
10/10/2017,44.25,232.88,32.8
10/11/2017,132.75,211.56,41
10/12/2017,29.5,242.72,57.4
10/13/2017,191.75,406.72,90.2
10/14/2017,147.5,270.6,114.8
10/15/2017,0,0,0
10/16/2017,118,301.76,57.4
10/17/2017,59,250.92,65.6
10/18/2017,132.75,241.08,49.2
10/19/2017,88.5,296.84,32.8
10/20/2017,177,519.88,131.2
10/21/2017,236,441.16,82
10/22/2017,0,0,0
10/23/2017,103.25,218.12,82
10/24/2017,88.5,285.36,16.4
10/25/2017,44.25,324.72,8.2
10/26/2017,59,249.28,57.4
10/27/2017,221.25,487.08,155.8
10/28/2017,14.75,354.24,90.2
10/29/2017,0,0,0
10/30/2017,29.5,213.2,32.8
10/31/2017,118,167.28,32.8
11/1/2017,44.25,198.44,24.6
11/2/2017,59,195.16,24.6
11/3/2017,162.25,387.04,57.4
11/4/2017,103.25,313.24,114.8
11/5/2017,0,0,0
11/6/2017,44.25,231.24,8.2
11/7/2017,59,208.28,32.8
11/8/2017,73.75,247.64,41
11/9/2017,59,191.88,32.8
11/10/2017,177,565.8,98.4
11/11/2017,132.75,362.44,114.8
11/12/2017,0,0,0
11/13/2017,29.5,209.92,49.2
11/14/2017,73.75,177.12,24.6
11/15/2017,59,237.8,82
11/16/2017,103.25,164,24.6
11/17/2017,236,398.52,82
11/18/2017,118,316.52,65.6
11/19/2017,0,0,0
11/20/2017,29.5,246,49.2
11/21/2017,59,282.08,32.8
11/22/2017,118,201.72,90.2
11/23/2017,0,0,0
11/24/2017,191.75,268.96,90.2
11/25/2017,132.75,285.36,82
11/26/2017,0,0,0
11/27/2017,44.25,167.28,41
11/28/2017,73.75,206.64,49.2
11/29/2017,147.5,216.48,57.4
11/30/2017,44.25,221.4,24.6
12/1/2017,147.5,378.84,65.6
12/2/2017,147.5,329.64,73.8
12/3/2017,0,0,0
12/4/2017,118,190.24,32.8
12/5/2017,73.75,137.76,16.4
12/6/2017,73.75,234.52,32.8
12/7/2017,0,265.68,41
12/8/2017,250.75,267.32,57.4
12/9/2017,14.75,155.8,24.6
12/10/2017,0,0,0
12/11/2017,132.75,213.2,73.8
12/12/2017,191.75,216.48,41
12/13/2017,147.5,196.8,41
12/14/2017,118,227.96,49.2
12/15/2017,221.25,355.88,98.4
12/16/2017,103.25,265.68,41
12/17/2017,0,0,0
12/18/2017,59,175.48,41
12/19/2017,103.25,172.2,32.8
12/20/2017,103.25,164,8.2
12/21/2017,44.25,193.52,41
12/22/2017,191.75,328,123
12/23/2017,162.25,185.32,57.4
12/24/2017,0,0,0
12/25/2017,0,0,0
12/26/2017,0,0,0
12/27/2017,103.25,209.92,82
12/28/2017,177,224.68,73.8
12/29/2017,132.75,227.96,65.6
12/30/2017,88.5,211.56,49.2
12/31/2017,0,0,0
1/1/2018,73.75,177.12,41
1/2/2018,0,136.12,32.8
1/3/2018,59,160.72,16.4
1/4/2018,88.5,150.88,57.4
1/5/2018,103.25,277.16,57.4
1/6/2018,44.25,144.32,57.4
1/7/2018,0,0,0
1/8/2018,14.75,178.76,8.2
1/9/2018,14.75,121.36,32.8
1/10/2018,88.5,185.32,16.4
1/11/2018,59,154.16,24.6
1/12/2018,103.25,268.96,82
1/13/2018,44.25,216.48,41
1/14/2018,0,0,0
1/15/2018,103.25,268.96,73.8
1/16/2018,14.75,172.2,8.2
1/17/2018,29.5,109.88,8.2
1/18/2018,0,167.28,32.8
1/19/2018,103.25,272.24,73.8
1/20/2018,29.5,311.6,49.2
1/21/2018,0,0,0
1/22/2018,88.5,167.28,24.6
1/23/2018,59,182.04,16.4
1/24/2018,0,183.68,49.2
1/25/2018,59,198.44,16.4
1/26/2018,132.75,391.96,164
1/27/2018,103.25,324.72,49.2
1/28/2018,0,0,0
1/29/2018,29.5,185.32,16.4
1/30/2018,14.75,211.56,32.8
1/31/2018,59,167.28,24.6
2/1/2018,29.5,208.28,8.2
2/2/2018,132.75,452.64,106.6
2/3/2018,59,257.48,57.4
2/4/2018,0,0,0
2/5/2018,29.5,211.56,0
2/6/2018,14.75,164,8.2
2/7/2018,73.75,183.68,32.8
2/8/2018,73.75,257.48,8.2
2/9/2018,118,350.96,65.6
2/10/2018,118,291.92,65.6
2/11/2018,0,0,0
2/12/2018,44.25,155.8,32.8
2/13/2018,14.75,201.72,16.4
2/14/2018,132.75,190.24,49.2
2/15/2018,44.25,132.84,24.6
2/16/2018,162.25,287,90.2
2/17/2018,88.5,355.88,73.8
2/18/2018,0,0,0
2/19/2018,0,249.28,32.8
2/20/2018,44.25,160.72,24.6
2/21/2018,29.5,208.28,0
2/22/2018,73.75,147.6,8.2
2/23/2018,73.75,277.16,73.8
2/24/2018,88.5,328,98.4
2/25/2018,0,0,0
2/26/2018,29.5,232.88,16.4
2/27/2018,0,182.04,0
2/28/2018,14.75,252.56,16.4
3/1/2018,44.25,259.12,16.4
3/2/2018,88.5,388.68,49.2
3/3/2018,59,277.16,49.2
3/4/2018,0,0,0
3/5/2018,88.5,186.96,41
3/6/2018,73.75,170.56,41
3/7/2018,14.75,213.2,41
3/8/2018,14.75,186.96,8.2
3/9/2018,147.5,324.72,123
3/10/2018,103.25,303.4,73.8
3/11/2018,0,0,0
3/12/2018,29.5,131.2,41
3/13/2018,73.75,246,41
3/14/2018,29.5,165.64,24.6
3/15/2018,88.5,206.64,41
3/16/2018,73.75,377.2,41
3/17/2018,73.75,262.4,41
3/18/2018,0,0,0
3/19/2018,73.75,155.8,8.2
3/20/2018,29.5,183.68,24.6
3/21/2018,59,206.64,16.4
3/22/2018,103.25,198.44,49.2
3/23/2018,132.75,513.32,98.4
3/24/2018,14.75,250.92,57.4
3/25/2018,0,0,0
3/26/2018,73.75,239.44,32.8
3/27/2018,29.5,229.6,49.2
3/28/2018,44.25,190.24,32.8
3/29/2018,44.25,227.96,57.4
3/30/2018,162.25,472.32,164
3/31/2018,103.25,311.6,106.6
4/1/2018,0,0,0
4/2/2018,29.5,182.04,90.2
4/3/2018,88.5,216.48,49.2
4/4/2018,118,236.16,90.2
4/5/2018,147.5,257.48,49.2
4/6/2018,147.5,416.56,164
4/7/2018,59,359.16,73.8
4/8/2018,0,0,0
4/9/2018,73.75,239.44,32.8
4/10/2018,29.5,190.24,16.4
4/11/2018,14.75,172.2,16.4
4/12/2018,73.75,159.08,16.4
4/13/2018,206.5,442.8,155.8
4/14/2018,44.25,313.24,123
4/15/2018,0,0,0
4/16/2018,14.75,195.16,41
4/17/2018,29.5,275.52,49.2
4/18/2018,103.25,154.16,65.6
4/19/2018,59,183.68,65.6
4/20/2018,162.25,459.2,106.6
4/21/2018,73.75,387.04,65.6
4/22/2018,0,0,0
4/23/2018,29.5,278.8,24.6
4/24/2018,59,213.2,16.4
4/25/2018,73.75,164,57.4
4/26/2018,73.75,203.36,41
4/27/2018,73.75,490.36,139.4
4/28/2018,118,321.44,131.2
4/29/2018,0,0,0
4/30/2018,132.75,205,16.4
5/1/2018,103.25,244.36,24.6
5/2/2018,88.5,223.04,41
5/3/2018,73.75,227.96,24.6
5/4/2018,147.5,467.4,123
5/5/2018,73.75,311.6,82
5/6/2018,0,0,0
5/7/2018,162.25,273.88,65.6
5/8/2018,147.5,236.16,24.6
5/9/2018,103.25,275.52,24.6
5/10/2018,103.25,319.8,49.2
5/11/2018,250.75,398.52,172.2
5/12/2018,73.75,324.72,106.6
5/13/2018,0,0,0
5/14/2018,88.5,175.48,24.6
5/15/2018,59,162.36,73.8
5/16/2018,88.5,237.8,32.8
5/17/2018,88.5,141.04,32.8
5/18/2018,103.25,341.12,114.8
5/19/2018,88.5,290.28,65.6
5/20/2018,0,0,0
5/21/2018,73.75,150.88,65.6
5/22/2018,88.5,149.24,8.2
5/23/2018,29.5,200.08,16.4
5/24/2018,0,157.44,57.4
5/25/2018,73.75,316.52,82
5/26/2018,44.25,375.56,90.2
5/27/2018,0,0,0
5/28/2018,59,311.6,98.4
5/29/2018,162.25,239.44,41
5/30/2018,29.5,160.72,16.4
5/31/2018,59,206.64,32.8
6/1/2018,265.5,637.96,254.2
6/2/2018,103.25,203.36,106.6
6/3/2018,0,0,0
6/4/2018,44.25,134.48,24.6
6/5/2018,103.25,136.12,41
6/6/2018,14.75,188.6,24.6
6/7/2018,88.5,224.68,24.6
6/8/2018,191.75,388.68,114.8
6/9/2018,88.5,265.68,73.8
6/10/2018,0,0,0
6/11/2018,14.75,200.08,65.6
6/12/2018,44.25,206.64,41
6/13/2018,103.25,227.96,24.6
6/14/2018,59,196.8,32.8
6/15/2018,132.75,342.76,73.8
6/16/2018,59,275.52,131.2
6/17/2018,0,0,0
6/18/2018,44.25,123,41
6/19/2018,29.5,203.36,8.2
6/20/2018,44.25,227.96,32.8
6/21/2018,88.5,224.68,114.8
6/22/2018,147.5,285.36,90.2
6/23/2018,73.75,337.84,114.8
6/24/2018,0,0,0
6/25/2018,44.25,183.68,32.8
6/26/2018,73.75,239.44,65.6
6/27/2018,29.5,296.84,98.4
6/28/2018,73.75,234.52,49.2
6/29/2018,147.5,364.08,180.4
6/30/2018,177,342.76,147.6
7/1/2018,0,0,0
7/2/2018,59,219.76,65.6
7/3/2018,118,265.68,65.6
7/4/2018,73.75,227.96,65.6
7/5/2018,73.75,262.4,98.4
7/6/2018,206.5,460.84,188.6
7/7/2018,147.5,442.8,123
7/8/2018,0,0,0
7/9/2018,29.5,260.76,65.6
7/10/2018,132.75,208.28,82
7/11/2018,14.75,213.2,57.4
7/12/2018,29.5,267.32,41
7/13/2018,265.5,444.44,147.6
7/14/2018,147.5,341.12,106.6
7/15/2018,0,0,0
7/16/2018,59,237.8,90.2
7/17/2018,118,232.88,73.8
7/18/2018,73.75,273.88,24.6
7/19/2018,132.75,272.24,24.6
7/20/2018,118,564.16,131.2
7/21/2018,132.75,401.8,98.4
7/22/2018,0,0,0
7/23/2018,44.25,205,41
7/24/2018,103.25,270.6,32.8
7/25/2018,103.25,186.96,57.4
7/26/2018,88.5,255.84,41
7/27/2018,236,467.4,139.4
7/28/2018,88.5,370.64,139.4
7/29/2018,0,0,0
7/30/2018,73.75,242.72,57.4
7/31/2018,59,277.16,73.8
8/1/2018,103.25,265.68,90.2
8/2/2018,147.5,265.68,57.4
8/3/2018,147.5,387.04,172.2
8/4/2018,73.75,313.24,73.8
8/5/2018,0,0,0
8/6/2018,59,237.8,16.4
8/7/2018,73.75,244.36,49.2
8/8/2018,132.75,224.68,24.6
8/9/2018,88.5,231.24,32.8
8/10/2018,280.25,346.04,155.8
8/11/2018,132.75,278.8,106.6
8/12/2018,0,0,0
8/13/2018,44.25,198.44,16.4
8/14/2018,73.75,224.68,32.8
8/15/2018,73.75,262.4,57.4
8/16/2018,103.25,259.12,57.4
8/17/2018,250.75,477.24,164
8/18/2018,132.75,483.8,90.2
8/19/2018,0,0,0
8/20/2018,191.75,328,8.2
8/21/2018,73.75,191.88,90.2
8/22/2018,73.75,241.08,32.8
8/23/2018,29.5,211.56,49.2
8/24/2018,162.25,431.32,164
8/25/2018,132.75,454.28,98.4
8/26/2018,0,0,0
8/27/2018,14.75,306.68,16.4
8/28/2018,59,186.96,16.4
8/29/2018,88.5,227.96,41
8/30/2018,0,195.16,65.6
8/31/2018,177,418.2,98.4
9/1/2018,132.75,369,114.8
9/2/2018,0,0,0
9/3/2018,147.5,387.04,90.2
9/4/2018,73.75,211.56,32.8
9/5/2018,88.5,262.4,32.8
9/6/2018,29.5,226.32,32.8
9/7/2018,177,437.88,98.4
9/8/2018,118,344.4,65.6
9/9/2018,0,0,0
9/10/2018,44.25,214.84,49.2
9/11/2018,29.5,211.56,57.4
9/12/2018,88.5,198.44,16.4
9/13/2018,191.75,288.64,49.2
9/14/2018,191.75,459.2,114.8
9/15/2018,103.25,339.48,73.8
9/16/2018,0,0,0
9/17/2018,44.25,198.44,123
9/18/2018,88.5,195.16,32.8
9/19/2018,44.25,195.16,32.8
9/20/2018,88.5,211.56,8.2
9/21/2018,177,359.16,73.8
9/22/2018,118,305.04,49.2
9/23/2018,0,0,0
9/24/2018,73.75,275.52,57.4
9/25/2018,29.5,247.64,24.6
9/26/2018,103.25,229.6,24.6
9/27/2018,59,239.44,16.4
9/28/2018,132.75,400.16,90.2
9/29/2018,162.25,347.68,41
9/30/2018,0,4.92,0
10/1/2018,44.25,214.84,0
10/2/2018,88.5,173.84,49.2
10/3/2018,14.75,221.4,49.2
10/4/2018,177,223.04,65.6
10/5/2018,132.75,408.36,73.8
10/6/2018,88.5,347.68,114.8
10/7/2018,0,0,0
10/8/2018,44.25,247.64,49.2
10/9/2018,29.5,231.24,82
10/10/2018,88.5,311.6,41
10/11/2018,147.5,211.56,49.2
10/12/2018,162.25,341.12,139.4
10/13/2018,73.75,273.88,114.8
10/14/2018,0,0,0
10/15/2018,44.25,206.64,8.2
10/16/2018,59,247.64,8.2
10/17/2018,14.75,226.32,32.8
10/18/2018,29.5,278.8,98.4
10/19/2018,265.5,465.76,147.6
10/20/2018,206.5,506.76,65.6
10/21/2018,0,0,0
10/22/2018,103.25,267.32,8.2
10/23/2018,59,203.36,24.6
10/24/2018,44.25,252.56,73.8
10/25/2018,118,298.48,57.4
10/26/2018,206.5,496.92,139.4
10/27/2018,88.5,413.28,90.2
10/28/2018,0,0,0
10/29/2018,29.5,257.48,32.8
10/30/2018,103.25,234.52,24.6
10/31/2018,73.75,170.56,16.4
11/1/2018,44.25,185.32,0
11/2/2018,132.75,393.6,82
11/3/2018,73.75,339.48,82
11/4/2018,0,0,0
11/5/2018,29.5,186.96,32.8
11/6/2018,73.75,218.12,0
11/7/2018,44.25,178.76,0
11/8/2018,103.25,237.8,16.4
11/9/2018,177,418.2,114.8
11/10/2018,118,452.64,24.6
11/11/2018,0,0,0
11/12/2018,29.5,306.68,32.8
11/13/2018,29.5,196.8,32.8
11/14/2018,103.25,172.2,32.8
11/15/2018,103.25,152.52,16.4
11/16/2018,191.75,323.08,114.8
11/17/2018,73.75,378.84,49.2
11/18/2018,0,0,0
11/19/2018,59,254.2,73.8
11/20/2018,147.5,275.52,32.8
11/21/2018,177,270.6,32.8
11/22/2018,0,0,0
11/23/2018,309.75,314.88,106.6
11/24/2018,206.5,200.08,106.6
11/25/2018,0,0,0
11/26/2018,44.25,214.84,32.8
11/27/2018,44.25,178.76,24.6
11/28/2018,59,193.52,32.8
11/29/2018,73.75,123,8.2
11/30/2018,250.75,282.08,73.8
12/1/2018,103.25,209.92,57.4
12/2/2018,0,0,0
12/3/2018,73.75,165.64,16.4
12/4/2018,177,154.16,32.8
12/5/2018,59,127.92,57.4
12/6/2018,118,172.2,24.6
12/7/2018,236,457.56,90.2
12/8/2018,44.25,219.76,82
12/9/2018,0,0,0
12/10/2018,0,111.52,16.4
12/11/2018,73.75,124.64,24.6
12/12/2018,88.5,154.16,8.2
12/13/2018,73.75,209.92,41
12/14/2018,88.5,295.2,32.8
12/15/2018,44.25,262.4,82
12/16/2018,0,0,0
12/17/2018,14.75,116.44,24.6
12/18/2018,29.5,121.36,49.2
12/19/2018,29.5,216.48,41
12/20/2018,44.25,165.64,32.8
12/21/2018,206.5,319.8,65.6
12/22/2018,103.25,157.44,65.6
12/23/2018,0,0,0
12/24/2018,118,162.36,41
12/25/2018,0,0,0
12/26/2018,88.5,113.16,24.6
12/27/2018,29.5,152.52,73.8
12/28/2018,118,288.64,73.8
12/29/2018,88.5,193.52,41
12/30/2018,0,0,0
12/31/2018,59,175.48,65.6
